id,left,top,right,bottom,유휴공연장_개수,공연시설_개수,문화공간_개수,문화시설_개수,노인여가복지시설_개수,노인의료복지시설_개수,장애인거주복지시설_개수,장애인지역사회재활시설_개수
1108,970035.230199999990873,1944987.158199999947101,971035.230199999990873,1943987.158199999947101,0,0,0,0,0,0,0,0
80,937035.230199999990873,1949987.158199999947101,938035.230199999990873,1948987.158199999947101,0,0,0,0,0,0,0,0
81,937035.230199999990873,1948987.158199999947101,938035.230199999990873,1947987.158199999947101,0,0,0,0,0,0,0,0
1130,971035.230199999990873,1953987.158199999947101,972035.230199999990873,1952987.158199999947101,0,0,0,0,0,0,0,0
1131,971035.230199999990873,1952987.158199999947101,972035.230199999990873,1951987.158199999947101,0,0,0,0,0,0,0,0
1132,971035.230199999990873,1951987.158199999947101,972035.230199999990873,1950987.158199999947101,0,0,0,2,0,1,0,3
1133,971035.230199999990873,1950987.158199999947101,972035.230199999990873,1949987.158199999947101,0,0,0,0,0,1,0,0
1134,971035.230199999990873,1949987.158199999947101,972035.230199999990873,1948987.158199999947101,0,0,0,0,0,0,0,0
104,938035.230199999990873,1956987.158199999947101,939035.230199999990873,1955987.158199999947101,0,0,0,0,0,0,0,0
105,938035.230199999990873,1955987.158199999947101,939035.230199999990873,1954987.158199999947101,0,0,0,0,0,0,0,0
106,938035.230199999990873,1954987.158199999947101,939035.230199999990873,1953987.158199999947101,0,0,0,0,0,0,0,0
107,938035.230199999990873,1953987.158199999947101,939035.230199999990873,1952987.158199999947101,0,0,0,0,0,2,0,0
108,938035.230199999990873,1952987.158199999947101,939035.230199999990873,1951987.158199999947101,0,0,0,1,0,0,0,1
109,938035.230199999990873,1951987.158199999947101,939035.230199999990873,1950987.158199999947101,0,0,0,0,0,0,0,0
110,938035.230199999990873,1950987.158199999947101,939035.230199999990873,1949987.158199999947101,0,1,0,0,0,0,0,0
111,938035.230199999990873,1949987.158199999947101,939035.230199999990873,1948987.158199999947101,0,0,0,0,0,0,0,0
112,938035.230199999990873,1948987.158199999947101,939035.230199999990873,1947987.158199999947101,0,0,0,0,0,0,0,0
1038,968035.230199999990873,1952987.158199999947101,969035.230199999990873,1951987.158199999947101,0,0,0,0,0,0,0,0
1039,968035.230199999990873,1951987.158199999947101,969035.230199999990873,1950987.158199999947101,0,0,0,0,0,0,0,0
15,935035.230199999990873,1952987.158199999947101,936035.230199999990873,1951987.158199999947101,0,0,0,0,0,0,0,0
1048,968035.230199999990873,1942987.158199999947101,969035.230199999990873,1941987.158199999947101,1,1,1,0,0,1,0,0
1049,968035.230199999990873,1941987.158199999947101,969035.230199999990873,1940987.158199999947101,0,0,0,0,0,0,0,0
1040,968035.230199999990873,1950987.158199999947101,969035.230199999990873,1949987.158199999947101,0,0,0,1,1,1,0,1
1041,968035.230199999990873,1949987.158199999947101,969035.230199999990873,1948987.158199999947101,1,1,1,3,0,5,3,3
1042,968035.230199999990873,1948987.158199999947101,969035.230199999990873,1947987.158199999947101,0,1,1,1,0,3,4,1
1043,968035.230199999990873,1947987.158199999947101,969035.230199999990873,1946987.158199999947101,0,0,0,0,0,1,0,0
1044,968035.230199999990873,1946987.158199999947101,969035.230199999990873,1945987.158199999947101,0,0,0,0,0,0,0,0
1045,968035.230199999990873,1945987.158199999947101,969035.230199999990873,1944987.158199999947101,0,0,0,0,0,0,0,0
1046,968035.230199999990873,1944987.158199999947101,969035.230199999990873,1943987.158199999947101,0,0,0,1,0,7,1,2
1047,968035.230199999990873,1943987.158199999947101,969035.230199999990873,1942987.158199999947101,0,0,2,0,0,0,5,1
16,935035.230199999990873,1951987.158199999947101,936035.230199999990873,1950987.158199999947101,0,0,0,0,0,0,0,0
17,935035.230199999990873,1950987.158199999947101,936035.230199999990873,1949987.158199999947101,0,0,0,0,0,0,0,0
1069,969035.230199999990873,1952987.158199999947101,970035.230199999990873,1951987.158199999947101,0,0,0,0,0,0,0,0
1070,969035.230199999990873,1951987.158199999947101,970035.230199999990873,1950987.158199999947101,0,0,0,1,0,0,3,0
1071,969035.230199999990873,1950987.158199999947101,970035.230199999990873,1949987.158199999947101,0,0,4,1,1,1,3,0
45,936035.230199999990873,1953987.158199999947101,937035.230199999990873,1952987.158199999947101,0,0,0,0,0,0,0,0
46,936035.230199999990873,1952987.158199999947101,937035.230199999990873,1951987.158199999947101,0,0,0,0,0,0,0,0
47,936035.230199999990873,1951987.158199999947101,937035.230199999990873,1950987.158199999947101,0,0,0,0,0,0,0,0
1072,969035.230199999990873,1949987.158199999947101,970035.230199999990873,1948987.158199999947101,0,0,0,0,0,2,0,0
1073,969035.230199999990873,1948987.158199999947101,970035.230199999990873,1947987.158199999947101,0,0,0,0,0,0,0,0
1074,969035.230199999990873,1947987.158199999947101,970035.230199999990873,1946987.158199999947101,0,0,0,0,0,0,0,0
1076,969035.230199999990873,1945987.158199999947101,970035.230199999990873,1944987.158199999947101,0,0,0,0,0,0,0,0
1077,969035.230199999990873,1944987.158199999947101,970035.230199999990873,1943987.158199999947101,0,0,0,0,0,4,3,0
1078,969035.230199999990873,1943987.158199999947101,970035.230199999990873,1942987.158199999947101,0,0,1,2,0,0,0,1
1079,969035.230199999990873,1942987.158199999947101,970035.230199999990873,1941987.158199999947101,0,0,0,0,0,0,0,0
48,936035.230199999990873,1950987.158199999947101,937035.230199999990873,1949987.158199999947101,0,0,0,0,0,0,0,0
49,936035.230199999990873,1949987.158199999947101,937035.230199999990873,1948987.158199999947101,0,0,0,0,0,0,0,0
971,966035.230199999990873,1957987.158199999947101,967035.230199999990873,1956987.158199999947101,0,0,0,0,0,0,0,0
972,966035.230199999990873,1956987.158199999947101,967035.230199999990873,1955987.158199999947101,0,0,0,0,0,0,0,0
973,966035.230199999990873,1955987.158199999947101,967035.230199999990873,1954987.158199999947101,0,0,0,0,0,0,0,0
974,966035.230199999990873,1954987.158199999947101,967035.230199999990873,1953987.158199999947101,0,0,0,0,0,0,0,0
984,966035.230199999990873,1944987.158199999947101,967035.230199999990873,1943987.158199999947101,0,1,1,0,0,2,2,1
985,966035.230199999990873,1943987.158199999947101,967035.230199999990873,1942987.158199999947101,0,0,1,0,0,0,0,0
986,966035.230199999990873,1942987.158199999947101,967035.230199999990873,1941987.158199999947101,0,0,1,0,0,0,0,0
987,966035.230199999990873,1941987.158199999947101,967035.230199999990873,1940987.158199999947101,0,0,0,0,0,0,4,3
988,966035.230199999990873,1940987.158199999947101,967035.230199999990873,1939987.158199999947101,0,0,0,0,0,0,0,0
977,966035.230199999990873,1951987.158199999947101,967035.230199999990873,1950987.158199999947101,0,0,0,0,0,0,0,0
978,966035.230199999990873,1950987.158199999947101,967035.230199999990873,1949987.158199999947101,0,0,1,0,0,0,0,0
979,966035.230199999990873,1949987.158199999947101,967035.230199999990873,1948987.158199999947101,0,0,1,1,0,2,0,0
980,966035.230199999990873,1948987.158199999947101,967035.230199999990873,1947987.158199999947101,1,1,0,0,0,0,0,0
981,966035.230199999990873,1947987.158199999947101,967035.230199999990873,1946987.158199999947101,0,2,5,1,0,0,0,2
982,966035.230199999990873,1946987.158199999947101,967035.230199999990873,1945987.158199999947101,3,2,2,2,0,0,0,0
983,966035.230199999990873,1945987.158199999947101,967035.230199999990873,1944987.158199999947101,0,1,0,0,0,0,1,0
1007,967035.230199999990873,1952987.158199999947101,968035.230199999990873,1951987.158199999947101,0,0,0,0,0,0,0,0
1016,967035.230199999990873,1943987.158199999947101,968035.230199999990873,1942987.158199999947101,0,0,0,0,1,2,0,1
1017,967035.230199999990873,1942987.158199999947101,968035.230199999990873,1941987.158199999947101,0,0,1,0,0,0,0,0
1018,967035.230199999990873,1941987.158199999947101,968035.230199999990873,1940987.158199999947101,0,0,0,0,0,0,0,0
1008,967035.230199999990873,1951987.158199999947101,968035.230199999990873,1950987.158199999947101,0,1,1,1,0,0,1,0
1009,967035.230199999990873,1950987.158199999947101,968035.230199999990873,1949987.158199999947101,0,0,1,1,0,2,0,0
1010,967035.230199999990873,1949987.158199999947101,968035.230199999990873,1948987.158199999947101,0,0,2,1,1,6,2,1
1011,967035.230199999990873,1948987.158199999947101,968035.230199999990873,1947987.158199999947101,0,0,1,3,0,0,0,1
1012,967035.230199999990873,1947987.158199999947101,968035.230199999990873,1946987.158199999947101,1,1,0,0,0,0,1,0
1013,967035.230199999990873,1946987.158199999947101,968035.230199999990873,1945987.158199999947101,0,0,0,0,0,0,0,0
1014,967035.230199999990873,1945987.158199999947101,968035.230199999990873,1944987.158199999947101,0,0,0,0,0,0,0,3
1015,967035.230199999990873,1944987.158199999947101,968035.230199999990873,1943987.158199999947101,1,1,1,1,0,0,0,2
904,964035.230199999990873,1962987.158199999947101,965035.230199999990873,1961987.158199999947101,0,0,0,0,0,0,0,0
905,964035.230199999990873,1961987.158199999947101,965035.230199999990873,1960987.158199999947101,0,0,0,0,0,0,0,0
906,964035.230199999990873,1960987.158199999947101,965035.230199999990873,1959987.158199999947101,0,0,0,0,0,0,0,0
907,964035.230199999990873,1959987.158199999947101,965035.230199999990873,1958987.158199999947101,0,0,0,0,0,0,0,0
908,964035.230199999990873,1958987.158199999947101,965035.230199999990873,1957987.158199999947101,0,0,1,0,0,0,0,0
909,964035.230199999990873,1957987.158199999947101,965035.230199999990873,1956987.158199999947101,0,0,0,1,0,1,0,0
910,964035.230199999990873,1956987.158199999947101,965035.230199999990873,1955987.158199999947101,0,0,0,1,0,6,0,2
911,964035.230199999990873,1955987.158199999947101,965035.230199999990873,1954987.158199999947101,0,0,2,0,1,10,1,0
896,963035.230199999990873,1939987.158199999947101,964035.230199999990873,1938987.158199999947101,0,0,0,0,0,0,0,0
897,963035.230199999990873,1938987.158199999947101,964035.230199999990873,1937987.158199999947101,0,0,0,0,0,0,0,0
901,964035.230199999990873,1965987.158199999947101,965035.230199999990873,1964987.158199999947101,0,0,0,0,0,0,0,0
902,964035.230199999990873,1964987.158199999947101,965035.230199999990873,1963987.158199999947101,0,0,0,0,0,0,0,0
903,964035.230199999990873,1963987.158199999947101,965035.230199999990873,1962987.158199999947101,0,0,0,0,0,0,0,0
920,964035.230199999990873,1946987.158199999947101,965035.230199999990873,1945987.158199999947101,0,0,0,0,0,0,0,1
921,964035.230199999990873,1945987.158199999947101,965035.230199999990873,1944987.158199999947101,0,1,8,6,0,1,1,2
922,964035.230199999990873,1944987.158199999947101,965035.230199999990873,1943987.158199999947101,0,1,0,1,1,6,2,2
923,964035.230199999990873,1943987.158199999947101,965035.230199999990873,1942987.158199999947101,0,0,0,1,0,0,0,0
924,964035.230199999990873,1942987.158199999947101,965035.230199999990873,1941987.158199999947101,0,0,0,1,0,0,0,0
925,964035.230199999990873,1941987.158199999947101,965035.230199999990873,1940987.158199999947101,0,0,2,0,0,1,1,0
926,964035.230199999990873,1940987.158199999947101,965035.230199999990873,1939987.158199999947101,0,1,0,0,0,1,0,0
927,964035.230199999990873,1939987.158199999947101,965035.230199999990873,1938987.158199999947101,0,0,0,0,0,0,0,0
912,964035.230199999990873,1954987.158199999947101,965035.230199999990873,1953987.158199999947101,0,0,0,0,1,2,0,0
913,964035.230199999990873,1953987.158199999947101,965035.230199999990873,1952987.158199999947101,0,0,1,0,0,1,0,0
914,964035.230199999990873,1952987.158199999947101,965035.230199999990873,1951987.158199999947101,0,0,0,0,0,0,0,0
915,964035.230199999990873,1951987.158199999947101,965035.230199999990873,1950987.158199999947101,0,0,0,0,0,0,0,0
916,964035.230199999990873,1950987.158199999947101,965035.230199999990873,1949987.158199999947101,1,1,1,0,0,2,0,2
917,964035.230199999990873,1949987.158199999947101,965035.230199999990873,1948987.158199999947101,0,0,3,1,0,0,0,0
918,964035.230199999990873,1948987.158199999947101,965035.230199999990873,1947987.158199999947101,0,0,0,1,0,0,0,0
919,964035.230199999990873,1947987.158199999947101,965035.230199999990873,1946987.158199999947101,0,0,2,0,0,0,0,0
937,965035.230199999990873,1960987.158199999947101,966035.230199999990873,1959987.158199999947101,0,0,0,0,0,0,0,0
938,965035.230199999990873,1959987.158199999947101,966035.230199999990873,1958987.158199999947101,0,0,0,0,0,0,0,0
939,965035.230199999990873,1958987.158199999947101,966035.230199999990873,1957987.158199999947101,0,0,0,0,0,0,0,0
940,965035.230199999990873,1957987.158199999947101,966035.230199999990873,1956987.158199999947101,0,0,0,0,0,0,0,0
941,965035.230199999990873,1956987.158199999947101,966035.230199999990873,1955987.158199999947101,0,0,0,1,0,1,0,0
942,965035.230199999990873,1955987.158199999947101,966035.230199999990873,1954987.158199999947101,0,0,0,0,0,3,0,0
943,965035.230199999990873,1954987.158199999947101,966035.230199999990873,1953987.158199999947101,0,0,0,0,0,0,0,0
952,965035.230199999990873,1945987.158199999947101,966035.230199999990873,1944987.158199999947101,0,0,1,1,1,0,0,0
953,965035.230199999990873,1944987.158199999947101,966035.230199999990873,1943987.158199999947101,0,0,1,1,0,0,0,0
954,965035.230199999990873,1943987.158199999947101,966035.230199999990873,1942987.158199999947101,0,0,1,2,0,0,1,2
955,965035.230199999990873,1942987.158199999947101,966035.230199999990873,1941987.158199999947101,0,0,0,0,0,0,0,0
956,965035.230199999990873,1941987.158199999947101,966035.230199999990873,1940987.158199999947101,0,0,1,0,0,0,0,0
957,965035.230199999990873,1940987.158199999947101,966035.230199999990873,1939987.158199999947101,1,1,0,0,0,0,0,0
944,965035.230199999990873,1953987.158199999947101,966035.230199999990873,1952987.158199999947101,0,0,0,0,0,0,0,0
945,965035.230199999990873,1952987.158199999947101,966035.230199999990873,1951987.158199999947101,0,0,0,0,0,0,0,0
946,965035.230199999990873,1951987.158199999947101,966035.230199999990873,1950987.158199999947101,0,0,0,0,0,0,0,0
947,965035.230199999990873,1950987.158199999947101,966035.230199999990873,1949987.158199999947101,2,1,1,2,0,2,0,0
948,965035.230199999990873,1949987.158199999947101,966035.230199999990873,1948987.158199999947101,0,2,3,3,0,0,0,0
949,965035.230199999990873,1948987.158199999947101,966035.230199999990873,1947987.158199999947101,0,0,0,1,0,0,1,0
950,965035.230199999990873,1947987.158199999947101,966035.230199999990873,1946987.158199999947101,0,0,0,1,0,0,0,0
951,965035.230199999990873,1946987.158199999947101,966035.230199999990873,1945987.158199999947101,1,3,6,1,0,0,0,0
840,962035.230199999990873,1964987.158199999947101,963035.230199999990873,1963987.158199999947101,0,0,0,0,0,0,0,0
841,962035.230199999990873,1963987.158199999947101,963035.230199999990873,1962987.158199999947101,0,0,0,1,0,0,1,2
842,962035.230199999990873,1962987.158199999947101,963035.230199999990873,1961987.158199999947101,0,0,1,1,0,4,0,0
843,962035.230199999990873,1961987.158199999947101,963035.230199999990873,1960987.158199999947101,3,2,3,3,1,1,3,2
844,962035.230199999990873,1960987.158199999947101,963035.230199999990873,1959987.158199999947101,0,0,1,0,1,1,5,3
845,962035.230199999990873,1959987.158199999947101,963035.230199999990873,1958987.158199999947101,0,0,0,0,0,0,1,3
846,962035.230199999990873,1958987.158199999947101,963035.230199999990873,1957987.158199999947101,0,0,1,1,1,0,1,0
847,962035.230199999990873,1957987.158199999947101,963035.230199999990873,1956987.158199999947101,0,0,2,0,0,8,0,2
832,961035.230199999990873,1941987.158199999947101,962035.230199999990873,1940987.158199999947101,0,0,0,0,0,0,0,0
833,961035.230199999990873,1940987.158199999947101,962035.230199999990873,1939987.158199999947101,0,0,0,0,0,0,0,0
834,961035.230199999990873,1939987.158199999947101,962035.230199999990873,1938987.158199999947101,0,0,0,0,0,0,0,0
835,961035.230199999990873,1938987.158199999947101,962035.230199999990873,1937987.158199999947101,0,0,0,0,0,0,0,0
836,961035.230199999990873,1937987.158199999947101,962035.230199999990873,1936987.158199999947101,0,0,0,0,0,0,0,0
837,961035.230199999990873,1936987.158199999947101,962035.230199999990873,1935987.158199999947101,0,0,0,0,0,0,0,0
838,962035.230199999990873,1966987.158199999947101,963035.230199999990873,1965987.158199999947101,0,0,0,0,0,0,0,0
839,962035.230199999990873,1965987.158199999947101,963035.230199999990873,1964987.158199999947101,0,0,0,0,0,0,0,0
856,962035.230199999990873,1948987.158199999947101,963035.230199999990873,1947987.158199999947101,2,3,3,4,0,2,0,0
857,962035.230199999990873,1947987.158199999947101,963035.230199999990873,1946987.158199999947101,0,0,1,0,0,0,0,0
858,962035.230199999990873,1946987.158199999947101,963035.230199999990873,1945987.158199999947101,0,0,2,0,0,0,0,0
859,962035.230199999990873,1945987.158199999947101,963035.230199999990873,1944987.158199999947101,0,1,1,4,0,0,0,0
860,962035.230199999990873,1944987.158199999947101,963035.230199999990873,1943987.158199999947101,0,1,4,0,0,0,0,0
861,962035.230199999990873,1943987.158199999947101,963035.230199999990873,1942987.158199999947101,0,0,1,1,0,0,0,5
862,962035.230199999990873,1942987.158199999947101,963035.230199999990873,1941987.158199999947101,0,0,0,0,0,0,0,0
863,962035.230199999990873,1941987.158199999947101,963035.230199999990873,1940987.158199999947101,0,0,0,0,0,0,0,0
848,962035.230199999990873,1956987.158199999947101,963035.230199999990873,1955987.158199999947101,0,0,0,0,0,1,0,0
849,962035.230199999990873,1955987.158199999947101,963035.230199999990873,1954987.158199999947101,0,0,0,0,0,4,0,0
850,962035.230199999990873,1954987.158199999947101,963035.230199999990873,1953987.158199999947101,0,0,2,0,1,6,1,0
851,962035.230199999990873,1953987.158199999947101,963035.230199999990873,1952987.158199999947101,0,0,0,0,0,3,0,1
852,962035.230199999990873,1952987.158199999947101,963035.230199999990873,1951987.158199999947101,0,1,2,1,0,1,0,0
853,962035.230199999990873,1951987.158199999947101,963035.230199999990873,1950987.158199999947101,0,0,1,0,0,0,0,0
854,962035.230199999990873,1950987.158199999947101,963035.230199999990873,1949987.158199999947101,3,3,8,1,1,1,0,0
855,962035.230199999990873,1949987.158199999947101,963035.230199999990873,1948987.158199999947101,1,2,1,2,0,0,0,0
872,963035.230199999990873,1963987.158199999947101,964035.230199999990873,1962987.158199999947101,0,0,0,0,0,0,1,0
873,963035.230199999990873,1962987.158199999947101,964035.230199999990873,1961987.158199999947101,0,0,0,0,0,0,0,0
874,963035.230199999990873,1961987.158199999947101,964035.230199999990873,1960987.158199999947101,0,0,0,0,0,0,0,0
875,963035.230199999990873,1960987.158199999947101,964035.230199999990873,1959987.158199999947101,0,0,2,0,0,0,1,0
876,963035.230199999990873,1959987.158199999947101,964035.230199999990873,1958987.158199999947101,0,0,0,0,0,1,0,0
877,963035.230199999990873,1958987.158199999947101,964035.230199999990873,1957987.158199999947101,0,1,2,2,0,0,1,0
878,963035.230199999990873,1957987.158199999947101,964035.230199999990873,1956987.158199999947101,0,0,2,1,1,0,0,0
879,963035.230199999990873,1956987.158199999947101,964035.230199999990873,1955987.158199999947101,0,0,0,1,1,3,0,0
864,962035.230199999990873,1940987.158199999947101,963035.230199999990873,1939987.158199999947101,0,0,0,0,0,0,0,0
865,962035.230199999990873,1939987.158199999947101,963035.230199999990873,1938987.158199999947101,0,0,1,0,0,0,0,0
866,962035.230199999990873,1938987.158199999947101,963035.230199999990873,1937987.158199999947101,0,0,0,0,0,0,0,0
867,962035.230199999990873,1937987.158199999947101,963035.230199999990873,1936987.158199999947101,0,0,0,0,0,0,0,0
868,962035.230199999990873,1936987.158199999947101,963035.230199999990873,1935987.158199999947101,0,0,0,0,0,0,0,0
869,963035.230199999990873,1966987.158199999947101,964035.230199999990873,1965987.158199999947101,0,0,0,0,0,0,0,0
870,963035.230199999990873,1965987.158199999947101,964035.230199999990873,1964987.158199999947101,0,0,0,0,0,0,0,0
871,963035.230199999990873,1964987.158199999947101,964035.230199999990873,1963987.158199999947101,0,0,0,0,0,0,0,0
888,963035.230199999990873,1947987.158199999947101,964035.230199999990873,1946987.158199999947101,0,0,0,0,0,0,0,0
889,963035.230199999990873,1946987.158199999947101,964035.230199999990873,1945987.158199999947101,6,2,1,0,0,0,0,0
890,963035.230199999990873,1945987.158199999947101,964035.230199999990873,1944987.158199999947101,1,2,1,2,0,0,0,0
891,963035.230199999990873,1944987.158199999947101,964035.230199999990873,1943987.158199999947101,0,0,0,0,0,0,1,0
892,963035.230199999990873,1943987.158199999947101,964035.230199999990873,1942987.158199999947101,0,2,1,3,0,1,0,0
893,963035.230199999990873,1942987.158199999947101,964035.230199999990873,1941987.158199999947101,0,1,1,1,0,0,0,0
894,963035.230199999990873,1941987.158199999947101,964035.230199999990873,1940987.158199999947101,0,0,0,0,0,0,0,0
895,963035.230199999990873,1940987.158199999947101,964035.230199999990873,1939987.158199999947101,0,0,0,0,0,0,2,3
880,963035.230199999990873,1955987.158199999947101,964035.230199999990873,1954987.158199999947101,0,0,2,0,0,2,0,0
881,963035.230199999990873,1954987.158199999947101,964035.230199999990873,1953987.158199999947101,0,0,0,1,0,2,0,0
882,963035.230199999990873,1953987.158199999947101,964035.230199999990873,1952987.158199999947101,0,0,0,1,0,1,0,1
883,963035.230199999990873,1952987.158199999947101,964035.230199999990873,1951987.158199999947101,2,1,2,5,0,2,0,0
884,963035.230199999990873,1951987.158199999947101,964035.230199999990873,1950987.158199999947101,0,1,1,0,0,5,0,2
885,963035.230199999990873,1950987.158199999947101,964035.230199999990873,1949987.158199999947101,2,4,2,4,0,1,0,2
886,963035.230199999990873,1949987.158199999947101,964035.230199999990873,1948987.158199999947101,0,0,0,0,0,2,1,3
887,963035.230199999990873,1948987.158199999947101,964035.230199999990873,1947987.158199999947101,2,2,1,3,0,3,0,0
776,960035.230199999990873,1966987.158199999947101,961035.230199999990873,1965987.158199999947101,0,0,0,0,0,0,0,0
777,960035.230199999990873,1965987.158199999947101,961035.230199999990873,1964987.158199999947101,0,1,1,0,0,0,0,0
778,960035.230199999990873,1964987.158199999947101,961035.230199999990873,1963987.158199999947101,0,0,1,1,0,7,2,1
779,960035.230199999990873,1963987.158199999947101,961035.230199999990873,1962987.158199999947101,0,0,1,0,1,5,3,1
780,960035.230199999990873,1962987.158199999947101,961035.230199999990873,1961987.158199999947101,0,1,2,5,0,0,0,0
781,960035.230199999990873,1961987.158199999947101,961035.230199999990873,1960987.158199999947101,2,2,3,1,0,0,0,0
782,960035.230199999990873,1960987.158199999947101,961035.230199999990873,1959987.158199999947101,0,0,0,1,0,0,0,6
783,960035.230199999990873,1959987.158199999947101,961035.230199999990873,1958987.158199999947101,0,0,0,0,0,0,0,0
768,959035.230199999990873,1943987.158199999947101,960035.230199999990873,1942987.158199999947101,0,3,1,1,0,0,0,0
769,959035.230199999990873,1942987.158199999947101,960035.230199999990873,1941987.158199999947101,1,3,2,3,2,0,0,0
770,959035.230199999990873,1941987.158199999947101,960035.230199999990873,1940987.158199999947101,1,1,0,0,0,0,2,0
771,959035.230199999990873,1940987.158199999947101,960035.230199999990873,1939987.158199999947101,0,1,0,0,0,0,0,0
772,959035.230199999990873,1939987.158199999947101,960035.230199999990873,1938987.158199999947101,0,0,0,0,0,0,0,0
773,959035.230199999990873,1938987.158199999947101,960035.230199999990873,1937987.158199999947101,0,0,0,0,0,0,0,0
774,959035.230199999990873,1937987.158199999947101,960035.230199999990873,1936987.158199999947101,0,0,0,0,0,0,0,0
775,959035.230199999990873,1936987.158199999947101,960035.230199999990873,1935987.158199999947101,0,0,0,0,0,0,0,0
792,960035.230199999990873,1950987.158199999947101,961035.230199999990873,1949987.158199999947101,0,0,1,0,0,0,0,0
793,960035.230199999990873,1949987.158199999947101,961035.230199999990873,1948987.158199999947101,4,9,2,2,0,0,0,0
794,960035.230199999990873,1948987.158199999947101,961035.230199999990873,1947987.158199999947101,0,3,0,0,0,2,0,0
795,960035.230199999990873,1947987.158199999947101,961035.230199999990873,1946987.158199999947101,0,0,1,1,0,0,0,0
796,960035.230199999990873,1946987.158199999947101,961035.230199999990873,1945987.158199999947101,5,2,2,7,1,1,0,0
797,960035.230199999990873,1945987.158199999947101,961035.230199999990873,1944987.158199999947101,1,6,2,1,0,0,0,0
798,960035.230199999990873,1944987.158199999947101,961035.230199999990873,1943987.158199999947101,1,2,1,0,1,1,2,0
799,960035.230199999990873,1943987.158199999947101,961035.230199999990873,1942987.158199999947101,0,0,0,0,0,0,0,0
784,960035.230199999990873,1958987.158199999947101,961035.230199999990873,1957987.158199999947101,0,0,1,2,1,1,0,0
785,960035.230199999990873,1957987.158199999947101,961035.230199999990873,1956987.158199999947101,0,0,0,0,0,0,0,0
786,960035.230199999990873,1956987.158199999947101,961035.230199999990873,1955987.158199999947101,1,3,1,2,0,0,0,0
787,960035.230199999990873,1955987.158199999947101,961035.230199999990873,1954987.158199999947101,1,1,3,1,0,0,0,0
788,960035.230199999990873,1954987.158199999947101,961035.230199999990873,1953987.158199999947101,0,1,0,1,1,0,0,0
789,960035.230199999990873,1953987.158199999947101,961035.230199999990873,1952987.158199999947101,0,1,1,0,0,0,0,0
790,960035.230199999990873,1952987.158199999947101,961035.230199999990873,1951987.158199999947101,0,0,2,2,0,1,1,0
791,960035.230199999990873,1951987.158199999947101,961035.230199999990873,1950987.158199999947101,0,1,1,0,0,1,0,0
808,961035.230199999990873,1965987.158199999947101,962035.230199999990873,1964987.158199999947101,0,0,0,0,0,0,0,0
809,961035.230199999990873,1964987.158199999947101,962035.230199999990873,1963987.158199999947101,0,0,0,0,0,0,0,0
810,961035.230199999990873,1963987.158199999947101,962035.230199999990873,1962987.158199999947101,0,0,0,0,1,1,0,0
811,961035.230199999990873,1962987.158199999947101,962035.230199999990873,1961987.158199999947101,0,0,1,1,0,8,2,4
812,961035.230199999990873,1961987.158199999947101,962035.230199999990873,1960987.158199999947101,1,1,3,1,0,2,0,1
813,961035.230199999990873,1960987.158199999947101,962035.230199999990873,1959987.158199999947101,0,0,3,4,0,1,0,1
814,961035.230199999990873,1959987.158199999947101,962035.230199999990873,1958987.158199999947101,0,0,0,2,0,0,0,2
815,961035.230199999990873,1958987.158199999947101,962035.230199999990873,1957987.158199999947101,0,0,0,0,0,0,0,0
800,960035.230199999990873,1942987.158199999947101,961035.230199999990873,1941987.158199999947101,0,0,1,0,0,0,0,0
801,960035.230199999990873,1941987.158199999947101,961035.230199999990873,1940987.158199999947101,2,3,0,2,0,3,0,0
802,960035.230199999990873,1940987.158199999947101,961035.230199999990873,1939987.158199999947101,0,0,1,0,1,0,2,0
803,960035.230199999990873,1939987.158199999947101,961035.230199999990873,1938987.158199999947101,0,1,1,0,0,1,0,0
804,960035.230199999990873,1938987.158199999947101,961035.230199999990873,1937987.158199999947101,0,0,0,0,0,0,0,0
805,960035.230199999990873,1937987.158199999947101,961035.230199999990873,1936987.158199999947101,0,0,0,0,0,0,0,0
806,960035.230199999990873,1936987.158199999947101,961035.230199999990873,1935987.158199999947101,0,0,0,0,0,0,0,0
807,961035.230199999990873,1966987.158199999947101,962035.230199999990873,1965987.158199999947101,0,0,0,0,0,0,0,0
824,961035.230199999990873,1949987.158199999947101,962035.230199999990873,1948987.158199999947101,1,1,0,1,0,0,0,0
825,961035.230199999990873,1948987.158199999947101,962035.230199999990873,1947987.158199999947101,0,0,3,1,0,1,0,0
826,961035.230199999990873,1947987.158199999947101,962035.230199999990873,1946987.158199999947101,0,0,0,0,0,0,0,0
827,961035.230199999990873,1946987.158199999947101,962035.230199999990873,1945987.158199999947101,0,0,0,2,0,0,0,0
828,961035.230199999990873,1945987.158199999947101,962035.230199999990873,1944987.158199999947101,2,4,5,13,0,0,0,0
829,961035.230199999990873,1944987.158199999947101,962035.230199999990873,1943987.158199999947101,1,2,2,2,0,0,0,0
830,961035.230199999990873,1943987.158199999947101,962035.230199999990873,1942987.158199999947101,1,1,4,2,0,0,0,0
831,961035.230199999990873,1942987.158199999947101,962035.230199999990873,1941987.158199999947101,0,0,1,1,0,0,0,0
816,961035.230199999990873,1957987.158199999947101,962035.230199999990873,1956987.158199999947101,4,3,0,1,1,0,0,0
817,961035.230199999990873,1956987.158199999947101,962035.230199999990873,1955987.158199999947101,0,0,1,0,1,0,0,0
818,961035.230199999990873,1955987.158199999947101,962035.230199999990873,1954987.158199999947101,0,0,1,0,0,0,0,0
819,961035.230199999990873,1954987.158199999947101,962035.230199999990873,1953987.158199999947101,0,0,0,0,0,2,0,0
820,961035.230199999990873,1953987.158199999947101,962035.230199999990873,1952987.158199999947101,0,1,2,0,0,6,0,0
821,961035.230199999990873,1952987.158199999947101,962035.230199999990873,1951987.158199999947101,0,1,3,5,0,2,0,1
822,961035.230199999990873,1951987.158199999947101,962035.230199999990873,1950987.158199999947101,0,0,1,0,0,0,0,0
823,961035.230199999990873,1950987.158199999947101,962035.230199999990873,1949987.158199999947101,0,0,0,0,0,0,0,0
714,958035.230199999990873,1966987.158199999947101,959035.230199999990873,1965987.158199999947101,0,0,0,0,0,0,0,0
715,958035.230199999990873,1965987.158199999947101,959035.230199999990873,1964987.158199999947101,0,0,0,0,0,0,0,0
716,958035.230199999990873,1964987.158199999947101,959035.230199999990873,1963987.158199999947101,0,0,0,0,0,0,0,0
717,958035.230199999990873,1963987.158199999947101,959035.230199999990873,1962987.158199999947101,0,0,0,2,1,1,3,0
718,958035.230199999990873,1962987.158199999947101,959035.230199999990873,1961987.158199999947101,0,0,1,1,0,6,0,0
719,958035.230199999990873,1961987.158199999947101,959035.230199999990873,1960987.158199999947101,0,0,2,1,0,1,1,0
704,957035.230199999990873,1945987.158199999947101,958035.230199999990873,1944987.158199999947101,2,3,0,1,0,1,1,0
705,957035.230199999990873,1944987.158199999947101,958035.230199999990873,1943987.158199999947101,0,5,1,1,0,0,0,4
706,957035.230199999990873,1943987.158199999947101,958035.230199999990873,1942987.158199999947101,1,4,2,1,1,0,1,0
707,957035.230199999990873,1942987.158199999947101,958035.230199999990873,1941987.158199999947101,4,3,1,10,0,2,1,3
708,957035.230199999990873,1941987.158199999947101,958035.230199999990873,1940987.158199999947101,0,0,1,1,0,0,0,0
709,957035.230199999990873,1940987.158199999947101,958035.230199999990873,1939987.158199999947101,0,0,0,0,0,0,0,0
710,957035.230199999990873,1939987.158199999947101,958035.230199999990873,1938987.158199999947101,0,0,0,0,0,0,0,0
728,958035.230199999990873,1952987.158199999947101,959035.230199999990873,1951987.158199999947101,0,0,5,2,1,1,0,6
729,958035.230199999990873,1951987.158199999947101,959035.230199999990873,1950987.158199999947101,0,2,3,4,0,0,0,0
730,958035.230199999990873,1950987.158199999947101,959035.230199999990873,1949987.158199999947101,0,0,0,1,0,0,0,0
731,958035.230199999990873,1949987.158199999947101,959035.230199999990873,1948987.158199999947101,0,0,0,0,0,1,0,0
732,958035.230199999990873,1948987.158199999947101,959035.230199999990873,1947987.158199999947101,0,0,0,0,0,0,0,0
733,958035.230199999990873,1947987.158199999947101,959035.230199999990873,1946987.158199999947101,6,13,8,10,0,0,4,2
734,958035.230199999990873,1946987.158199999947101,959035.230199999990873,1945987.158199999947101,2,4,2,5,0,1,1,1
735,958035.230199999990873,1945987.158199999947101,959035.230199999990873,1944987.158199999947101,1,8,0,2,1,0,3,0
720,958035.230199999990873,1960987.158199999947101,959035.230199999990873,1959987.158199999947101,0,0,2,1,0,4,1,1
721,958035.230199999990873,1959987.158199999947101,959035.230199999990873,1958987.158199999947101,1,1,0,0,0,0,0,1
722,958035.230199999990873,1958987.158199999947101,959035.230199999990873,1957987.158199999947101,0,0,0,1,0,2,0,0
723,958035.230199999990873,1957987.158199999947101,959035.230199999990873,1956987.158199999947101,0,2,1,2,0,1,0,0
724,958035.230199999990873,1956987.158199999947101,959035.230199999990873,1955987.158199999947101,1,1,0,0,0,1,1,0
725,958035.230199999990873,1955987.158199999947101,959035.230199999990873,1954987.158199999947101,0,0,2,0,1,2,0,0
726,958035.230199999990873,1954987.158199999947101,959035.230199999990873,1953987.158199999947101,0,0,1,1,0,1,2,0
727,958035.230199999990873,1953987.158199999947101,959035.230199999990873,1952987.158199999947101,1,2,1,1,0,0,0,0
745,959035.230199999990873,1966987.158199999947101,960035.230199999990873,1965987.158199999947101,0,0,0,0,0,0,1,1
746,959035.230199999990873,1965987.158199999947101,960035.230199999990873,1964987.158199999947101,0,0,1,1,0,1,1,0
747,959035.230199999990873,1964987.158199999947101,960035.230199999990873,1963987.158199999947101,0,0,0,1,1,0,0,1
748,959035.230199999990873,1963987.158199999947101,960035.230199999990873,1962987.158199999947101,0,0,0,1,0,10,1,0
749,959035.230199999990873,1962987.158199999947101,960035.230199999990873,1961987.158199999947101,0,0,1,1,1,20,3,2
750,959035.230199999990873,1961987.158199999947101,960035.230199999990873,1960987.158199999947101,2,1,3,1,0,2,0,2
751,959035.230199999990873,1960987.158199999947101,960035.230199999990873,1959987.158199999947101,0,0,1,2,0,6,0,0
736,958035.230199999990873,1944987.158199999947101,959035.230199999990873,1943987.158199999947101,1,7,6,7,0,0,0,1
737,958035.230199999990873,1943987.158199999947101,959035.230199999990873,1942987.158199999947101,1,7,3,2,0,0,0,0
738,958035.230199999990873,1942987.158199999947101,959035.230199999990873,1941987.158199999947101,0,4,2,3,0,0,0,0
739,958035.230199999990873,1941987.158199999947101,959035.230199999990873,1940987.158199999947101,1,1,1,0,0,0,0,1
740,958035.230199999990873,1940987.158199999947101,959035.230199999990873,1939987.158199999947101,0,1,0,2,0,0,0,0
741,958035.230199999990873,1939987.158199999947101,959035.230199999990873,1938987.158199999947101,0,0,0,0,0,0,0,0
742,958035.230199999990873,1938987.158199999947101,959035.230199999990873,1937987.158199999947101,0,0,0,0,0,0,0,0
743,958035.230199999990873,1937987.158199999947101,959035.230199999990873,1936987.158199999947101,0,0,0,0,0,0,0,0
760,959035.230199999990873,1951987.158199999947101,960035.230199999990873,1950987.158199999947101,0,3,0,2,2,0,0,0
761,959035.230199999990873,1950987.158199999947101,960035.230199999990873,1949987.158199999947101,0,1,2,0,0,0,0,0
762,959035.230199999990873,1949987.158199999947101,960035.230199999990873,1948987.158199999947101,2,4,4,2,1,0,0,0
763,959035.230199999990873,1948987.158199999947101,960035.230199999990873,1947987.158199999947101,1,1,1,0,0,0,0,0
764,959035.230199999990873,1947987.158199999947101,960035.230199999990873,1946987.158199999947101,2,8,6,31,1,0,1,0
765,959035.230199999990873,1946987.158199999947101,960035.230199999990873,1945987.158199999947101,0,3,4,4,0,0,3,1
766,959035.230199999990873,1945987.158199999947101,960035.230199999990873,1944987.158199999947101,4,6,4,4,1,0,1,2
767,959035.230199999990873,1944987.158199999947101,960035.230199999990873,1943987.158199999947101,1,5,1,5,1,1,0,0
752,959035.230199999990873,1959987.158199999947101,960035.230199999990873,1958987.158199999947101,0,0,1,1,1,0,0,0
753,959035.230199999990873,1958987.158199999947101,960035.230199999990873,1957987.158199999947101,0,2,2,4,0,2,0,2
754,959035.230199999990873,1957987.158199999947101,960035.230199999990873,1956987.158199999947101,0,0,4,0,0,2,0,0
755,959035.230199999990873,1956987.158199999947101,960035.230199999990873,1955987.158199999947101,1,1,2,2,1,6,0,1
756,959035.230199999990873,1955987.158199999947101,960035.230199999990873,1954987.158199999947101,0,0,0,0,0,0,0,0
757,959035.230199999990873,1954987.158199999947101,960035.230199999990873,1953987.158199999947101,2,2,3,3,0,4,0,0
758,959035.230199999990873,1953987.158199999947101,960035.230199999990873,1952987.158199999947101,0,0,2,0,0,8,0,0
759,959035.230199999990873,1952987.158199999947101,960035.230199999990873,1951987.158199999947101,0,0,2,0,0,0,0,0
652,956035.230199999990873,1966987.158199999947101,957035.230199999990873,1965987.158199999947101,0,0,0,0,0,0,0,0
653,956035.230199999990873,1965987.158199999947101,957035.230199999990873,1964987.158199999947101,0,0,0,0,0,0,0,0
654,956035.230199999990873,1964987.158199999947101,957035.230199999990873,1963987.158199999947101,0,0,0,0,0,0,0,0
655,956035.230199999990873,1963987.158199999947101,957035.230199999990873,1962987.158199999947101,0,0,0,0,0,0,0,0
640,955035.230199999990873,1947987.158199999947101,956035.230199999990873,1946987.158199999947101,0,0,0,0,0,0,0,0
641,955035.230199999990873,1946987.158199999947101,956035.230199999990873,1945987.158199999947101,0,0,2,0,0,0,0,0
642,955035.230199999990873,1945987.158199999947101,956035.230199999990873,1944987.158199999947101,1,4,0,0,0,0,0,0
643,955035.230199999990873,1944987.158199999947101,956035.230199999990873,1943987.158199999947101,0,0,1,0,0,0,0,0
644,955035.230199999990873,1943987.158199999947101,956035.230199999990873,1942987.158199999947101,0,0,0,0,0,0,0,0
645,955035.230199999990873,1942987.158199999947101,956035.230199999990873,1941987.158199999947101,0,1,0,1,0,0,1,1
646,955035.230199999990873,1941987.158199999947101,956035.230199999990873,1940987.158199999947101,0,0,0,0,0,0,0,0
647,955035.230199999990873,1940987.158199999947101,956035.230199999990873,1939987.158199999947101,0,0,0,0,0,0,0,0
664,956035.230199999990873,1954987.158199999947101,957035.230199999990873,1953987.158199999947101,9,18,2,11,0,0,0,0
665,956035.230199999990873,1953987.158199999947101,957035.230199999990873,1952987.158199999947101,101,120,18,157,1,1,0,1
666,956035.230199999990873,1952987.158199999947101,957035.230199999990873,1951987.158199999947101,1,7,5,1,0,0,0,0
667,956035.230199999990873,1951987.158199999947101,957035.230199999990873,1950987.158199999947101,2,3,3,2,0,0,0,0
668,956035.230199999990873,1950987.158199999947101,957035.230199999990873,1949987.158199999947101,0,2,3,5,1,1,2,0
669,956035.230199999990873,1949987.158199999947101,957035.230199999990873,1948987.158199999947101,2,2,3,3,0,1,0,0
670,956035.230199999990873,1948987.158199999947101,957035.230199999990873,1947987.158199999947101,1,3,6,1,1,1,0,0
671,956035.230199999990873,1947987.158199999947101,957035.230199999990873,1946987.158199999947101,0,0,0,0,0,0,0,0
656,956035.230199999990873,1962987.158199999947101,957035.230199999990873,1961987.158199999947101,0,0,0,0,0,0,2,0
657,956035.230199999990873,1961987.158199999947101,957035.230199999990873,1960987.158199999947101,0,1,1,0,0,0,0,0
658,956035.230199999990873,1960987.158199999947101,957035.230199999990873,1959987.158199999947101,0,2,1,2,0,2,1,0
659,956035.230199999990873,1959987.158199999947101,957035.230199999990873,1958987.158199999947101,0,0,0,0,0,0,0,0
660,956035.230199999990873,1958987.158199999947101,957035.230199999990873,1957987.158199999947101,0,0,1,1,0,0,0,0
661,956035.230199999990873,1957987.158199999947101,957035.230199999990873,1956987.158199999947101,0,1,0,0,0,0,0,0
662,956035.230199999990873,1956987.158199999947101,957035.230199999990873,1955987.158199999947101,0,0,1,0,1,2,1,0
663,956035.230199999990873,1955987.158199999947101,957035.230199999990873,1954987.158199999947101,1,1,1,1,0,1,0,0
683,957035.230199999990873,1966987.158199999947101,958035.230199999990873,1965987.158199999947101,0,0,0,0,0,0,0,0
684,957035.230199999990873,1965987.158199999947101,958035.230199999990873,1964987.158199999947101,0,0,0,0,0,0,0,0
685,957035.230199999990873,1964987.158199999947101,958035.230199999990873,1963987.158199999947101,0,0,0,0,0,0,0,0
686,957035.230199999990873,1963987.158199999947101,958035.230199999990873,1962987.158199999947101,0,0,0,0,0,0,0,0
687,957035.230199999990873,1962987.158199999947101,958035.230199999990873,1961987.158199999947101,0,0,2,0,0,0,0,0
672,956035.230199999990873,1946987.158199999947101,957035.230199999990873,1945987.158199999947101,0,0,1,0,0,0,0,0
673,956035.230199999990873,1945987.158199999947101,957035.230199999990873,1944987.158199999947101,0,1,1,2,0,0,0,0
674,956035.230199999990873,1944987.158199999947101,957035.230199999990873,1943987.158199999947101,0,0,2,3,0,0,0,0
675,956035.230199999990873,1943987.158199999947101,957035.230199999990873,1942987.158199999947101,5,6,1,6,0,1,0,0
676,956035.230199999990873,1942987.158199999947101,957035.230199999990873,1941987.158199999947101,3,13,4,6,0,0,0,0
677,956035.230199999990873,1941987.158199999947101,957035.230199999990873,1940987.158199999947101,0,0,0,0,0,0,0,0
678,956035.230199999990873,1940987.158199999947101,957035.230199999990873,1939987.158199999947101,0,0,0,0,0,0,0,0
679,956035.230199999990873,1939987.158199999947101,957035.230199999990873,1938987.158199999947101,0,0,1,1,0,0,0,0
696,957035.230199999990873,1953987.158199999947101,958035.230199999990873,1952987.158199999947101,0,0,0,0,1,1,1,0
697,957035.230199999990873,1952987.158199999947101,958035.230199999990873,1951987.158199999947101,4,2,6,3,0,1,0,0
698,957035.230199999990873,1951987.158199999947101,958035.230199999990873,1950987.158199999947101,1,1,2,6,0,0,0,1
699,957035.230199999990873,1950987.158199999947101,958035.230199999990873,1949987.158199999947101,0,0,1,1,1,0,4,1
700,957035.230199999990873,1949987.158199999947101,958035.230199999990873,1948987.158199999947101,0,0,0,0,0,0,0,1
701,957035.230199999990873,1948987.158199999947101,958035.230199999990873,1947987.158199999947101,0,1,1,0,0,0,0,0
702,957035.230199999990873,1947987.158199999947101,958035.230199999990873,1946987.158199999947101,0,3,1,3,0,0,0,0
703,957035.230199999990873,1946987.158199999947101,958035.230199999990873,1945987.158199999947101,2,6,3,1,0,0,2,0
688,957035.230199999990873,1961987.158199999947101,958035.230199999990873,1960987.158199999947101,0,0,3,2,1,3,1,1
689,957035.230199999990873,1960987.158199999947101,958035.230199999990873,1959987.158199999947101,2,2,2,4,0,4,4,3
690,957035.230199999990873,1959987.158199999947101,958035.230199999990873,1958987.158199999947101,0,0,1,1,1,11,6,1
691,957035.230199999990873,1958987.158199999947101,958035.230199999990873,1957987.158199999947101,0,0,1,2,0,0,2,0
692,957035.230199999990873,1957987.158199999947101,958035.230199999990873,1956987.158199999947101,0,0,0,0,0,3,0,0
693,957035.230199999990873,1956987.158199999947101,958035.230199999990873,1955987.158199999947101,0,1,1,2,0,2,0,0
694,957035.230199999990873,1955987.158199999947101,958035.230199999990873,1954987.158199999947101,1,2,3,2,0,1,0,2
695,957035.230199999990873,1954987.158199999947101,958035.230199999990873,1953987.158199999947101,2,4,1,1,1,3,0,0
584,953035.230199999990873,1941987.158199999947101,954035.230199999990873,1940987.158199999947101,0,0,0,0,0,0,0,0
585,953035.230199999990873,1940987.158199999947101,954035.230199999990873,1939987.158199999947101,0,0,0,0,0,0,0,0
586,953035.230199999990873,1939987.158199999947101,954035.230199999990873,1938987.158199999947101,0,0,0,0,0,0,0,0
576,953035.230199999990873,1949987.158199999947101,954035.230199999990873,1948987.158199999947101,2,2,3,3,0,0,0,0
577,953035.230199999990873,1948987.158199999947101,954035.230199999990873,1947987.158199999947101,0,0,2,1,0,0,0,0
578,953035.230199999990873,1947987.158199999947101,954035.230199999990873,1946987.158199999947101,0,0,2,1,0,0,0,0
579,953035.230199999990873,1946987.158199999947101,954035.230199999990873,1945987.158199999947101,0,0,0,0,0,0,0,0
580,953035.230199999990873,1945987.158199999947101,954035.230199999990873,1944987.158199999947101,0,0,0,0,0,0,0,0
581,953035.230199999990873,1944987.158199999947101,954035.230199999990873,1943987.158199999947101,0,0,0,0,0,0,0,0
582,953035.230199999990873,1943987.158199999947101,954035.230199999990873,1942987.158199999947101,0,1,2,0,0,0,0,1
583,953035.230199999990873,1942987.158199999947101,954035.230199999990873,1941987.158199999947101,0,2,3,1,1,1,1,0
600,954035.230199999990873,1956987.158199999947101,955035.230199999990873,1955987.158199999947101,0,0,0,0,0,0,0,0
601,954035.230199999990873,1955987.158199999947101,955035.230199999990873,1954987.158199999947101,1,2,1,1,0,1,0,0
602,954035.230199999990873,1954987.158199999947101,955035.230199999990873,1953987.158199999947101,0,1,0,2,0,0,0,0
603,954035.230199999990873,1953987.158199999947101,955035.230199999990873,1952987.158199999947101,2,14,37,42,1,0,0,0
604,954035.230199999990873,1952987.158199999947101,955035.230199999990873,1951987.158199999947101,2,12,32,40,0,0,0,1
605,954035.230199999990873,1951987.158199999947101,955035.230199999990873,1950987.158199999947101,5,11,16,11,0,0,0,5
606,954035.230199999990873,1950987.158199999947101,955035.230199999990873,1949987.158199999947101,0,0,8,2,0,0,1,0
607,954035.230199999990873,1949987.158199999947101,955035.230199999990873,1948987.158199999947101,0,2,2,0,0,0,0,0
594,954035.230199999990873,1962987.158199999947101,955035.230199999990873,1961987.158199999947101,0,0,0,0,0,0,0,0
595,954035.230199999990873,1961987.158199999947101,955035.230199999990873,1960987.158199999947101,0,0,0,0,0,0,0,0
596,954035.230199999990873,1960987.158199999947101,955035.230199999990873,1959987.158199999947101,0,0,0,0,0,0,0,0
597,954035.230199999990873,1959987.158199999947101,955035.230199999990873,1958987.158199999947101,0,0,0,0,0,0,0,0
598,954035.230199999990873,1958987.158199999947101,955035.230199999990873,1957987.158199999947101,0,0,0,0,0,0,0,0
599,954035.230199999990873,1957987.158199999947101,955035.230199999990873,1956987.158199999947101,0,0,0,0,0,0,0,0
616,954035.230199999990873,1940987.158199999947101,955035.230199999990873,1939987.158199999947101,0,0,0,0,0,0,0,0
617,954035.230199999990873,1939987.158199999947101,955035.230199999990873,1938987.158199999947101,0,0,0,0,0,0,0,0
622,955035.230199999990873,1965987.158199999947101,956035.230199999990873,1964987.158199999947101,0,0,0,0,0,0,0,0
623,955035.230199999990873,1964987.158199999947101,956035.230199999990873,1963987.158199999947101,0,0,0,0,0,0,0,0
608,954035.230199999990873,1948987.158199999947101,955035.230199999990873,1947987.158199999947101,3,4,2,1,0,0,0,0
609,954035.230199999990873,1947987.158199999947101,955035.230199999990873,1946987.158199999947101,0,0,2,3,0,0,0,0
610,954035.230199999990873,1946987.158199999947101,955035.230199999990873,1945987.158199999947101,1,2,0,0,0,0,0,1
611,954035.230199999990873,1945987.158199999947101,955035.230199999990873,1944987.158199999947101,0,0,0,0,0,0,0,0
612,954035.230199999990873,1944987.158199999947101,955035.230199999990873,1943987.158199999947101,0,2,2,0,0,0,0,0
613,954035.230199999990873,1943987.158199999947101,955035.230199999990873,1942987.158199999947101,2,1,0,0,0,0,1,0
614,954035.230199999990873,1942987.158199999947101,955035.230199999990873,1941987.158199999947101,2,4,0,1,1,0,0,0
615,954035.230199999990873,1941987.158199999947101,955035.230199999990873,1940987.158199999947101,0,0,1,0,0,0,0,1
632,955035.230199999990873,1955987.158199999947101,956035.230199999990873,1954987.158199999947101,0,2,3,3,0,0,0,0
633,955035.230199999990873,1954987.158199999947101,956035.230199999990873,1953987.158199999947101,14,29,12,46,0,0,1,0
634,955035.230199999990873,1953987.158199999947101,956035.230199999990873,1952987.158199999947101,13,26,10,37,0,0,0,0
635,955035.230199999990873,1952987.158199999947101,956035.230199999990873,1951987.158199999947101,3,7,4,9,0,0,0,0
636,955035.230199999990873,1951987.158199999947101,956035.230199999990873,1950987.158199999947101,5,9,8,6,0,0,0,0
637,955035.230199999990873,1950987.158199999947101,956035.230199999990873,1949987.158199999947101,0,1,4,2,0,1,0,0
638,955035.230199999990873,1949987.158199999947101,956035.230199999990873,1948987.158199999947101,0,2,0,1,0,0,0,0
639,955035.230199999990873,1948987.158199999947101,956035.230199999990873,1947987.158199999947101,1,9,8,2,0,0,0,0
624,955035.230199999990873,1963987.158199999947101,956035.230199999990873,1962987.158199999947101,0,0,0,0,0,0,0,0
625,955035.230199999990873,1962987.158199999947101,956035.230199999990873,1961987.158199999947101,0,0,0,0,0,0,0,0
626,955035.230199999990873,1961987.158199999947101,956035.230199999990873,1960987.158199999947101,0,0,0,0,0,0,0,0
627,955035.230199999990873,1960987.158199999947101,956035.230199999990873,1959987.158199999947101,0,0,0,0,0,0,0,0
628,955035.230199999990873,1959987.158199999947101,956035.230199999990873,1958987.158199999947101,0,0,0,0,0,0,0,0
629,955035.230199999990873,1958987.158199999947101,956035.230199999990873,1957987.158199999947101,0,0,0,0,0,0,0,0
630,955035.230199999990873,1957987.158199999947101,956035.230199999990873,1956987.158199999947101,0,0,0,0,0,0,0,0
631,955035.230199999990873,1956987.158199999947101,956035.230199999990873,1955987.158199999947101,0,1,1,3,0,0,0,0
520,951035.230199999990873,1943987.158199999947101,952035.230199999990873,1942987.158199999947101,0,0,0,0,0,0,0,0
521,951035.230199999990873,1942987.158199999947101,952035.230199999990873,1941987.158199999947101,0,1,2,5,0,0,0,0
522,951035.230199999990873,1941987.158199999947101,952035.230199999990873,1940987.158199999947101,0,1,0,0,0,1,0,0
523,951035.230199999990873,1940987.158199999947101,952035.230199999990873,1939987.158199999947101,0,0,1,0,0,0,0,0
524,951035.230199999990873,1939987.158199999947101,952035.230199999990873,1938987.158199999947101,0,0,0,0,0,0,0,0
525,951035.230199999990873,1938987.158199999947101,952035.230199999990873,1937987.158199999947101,0,0,0,0,0,0,0,0
526,951035.230199999990873,1937987.158199999947101,952035.230199999990873,1936987.158199999947101,0,0,0,0,0,0,0,0
512,951035.230199999990873,1951987.158199999947101,952035.230199999990873,1950987.158199999947101,4,6,4,2,0,0,0,0
513,951035.230199999990873,1950987.158199999947101,952035.230199999990873,1949987.158199999947101,0,2,0,0,0,0,0,0
514,951035.230199999990873,1949987.158199999947101,952035.230199999990873,1948987.158199999947101,0,0,2,2,0,1,0,1
515,951035.230199999990873,1948987.158199999947101,952035.230199999990873,1947987.158199999947101,0,0,2,1,0,1,1,0
516,951035.230199999990873,1947987.158199999947101,952035.230199999990873,1946987.158199999947101,0,0,0,0,0,0,0,0
517,951035.230199999990873,1946987.158199999947101,952035.230199999990873,1945987.158199999947101,0,0,1,0,0,0,0,0
518,951035.230199999990873,1945987.158199999947101,952035.230199999990873,1944987.158199999947101,2,1,1,2,1,2,0,1
519,951035.230199999990873,1944987.158199999947101,952035.230199999990873,1943987.158199999947101,0,1,1,1,0,0,2,0
536,952035.230199999990873,1958987.158199999947101,953035.230199999990873,1957987.158199999947101,0,0,0,0,0,0,0,0
537,952035.230199999990873,1957987.158199999947101,953035.230199999990873,1956987.158199999947101,0,0,0,0,0,2,0,0
538,952035.230199999990873,1956987.158199999947101,953035.230199999990873,1955987.158199999947101,0,0,2,3,0,3,0,0
539,952035.230199999990873,1955987.158199999947101,953035.230199999990873,1954987.158199999947101,0,1,3,3,0,1,0,0
540,952035.230199999990873,1954987.158199999947101,953035.230199999990873,1953987.158199999947101,0,3,4,1,0,0,0,0
541,952035.230199999990873,1953987.158199999947101,953035.230199999990873,1952987.158199999947101,1,1,3,2,0,0,0,1
542,952035.230199999990873,1952987.158199999947101,953035.230199999990873,1951987.158199999947101,0,1,3,4,1,1,0,0
543,952035.230199999990873,1951987.158199999947101,953035.230199999990873,1950987.158199999947101,1,4,1,4,1,4,0,4
533,952035.230199999990873,1961987.158199999947101,953035.230199999990873,1960987.158199999947101,0,0,0,0,0,0,0,0
534,952035.230199999990873,1960987.158199999947101,953035.230199999990873,1959987.158199999947101,0,0,0,0,0,0,0,0
535,952035.230199999990873,1959987.158199999947101,953035.230199999990873,1958987.158199999947101,0,0,0,0,0,0,0,0
552,952035.230199999990873,1942987.158199999947101,953035.230199999990873,1941987.158199999947101,0,2,1,0,0,0,0,1
553,952035.230199999990873,1941987.158199999947101,953035.230199999990873,1940987.158199999947101,0,0,1,1,0,0,0,0
554,952035.230199999990873,1940987.158199999947101,953035.230199999990873,1939987.158199999947101,0,0,0,0,0,0,0,0
555,952035.230199999990873,1939987.158199999947101,953035.230199999990873,1938987.158199999947101,0,0,0,0,0,0,0,0
556,952035.230199999990873,1938987.158199999947101,953035.230199999990873,1937987.158199999947101,0,0,0,0,0,0,0,0
557,952035.230199999990873,1937987.158199999947101,953035.230199999990873,1936987.158199999947101,0,0,0,0,0,0,0,0
544,952035.230199999990873,1950987.158199999947101,953035.230199999990873,1949987.158199999947101,4,4,7,3,1,2,0,0
545,952035.230199999990873,1949987.158199999947101,953035.230199999990873,1948987.158199999947101,0,1,8,3,0,1,0,2
546,952035.230199999990873,1948987.158199999947101,953035.230199999990873,1947987.158199999947101,0,2,4,2,0,1,0,1
547,952035.230199999990873,1947987.158199999947101,953035.230199999990873,1946987.158199999947101,1,2,6,0,0,0,0,1
548,952035.230199999990873,1946987.158199999947101,953035.230199999990873,1945987.158199999947101,1,1,1,0,0,0,0,0
549,952035.230199999990873,1945987.158199999947101,953035.230199999990873,1944987.158199999947101,0,1,3,0,0,0,0,0
550,952035.230199999990873,1944987.158199999947101,953035.230199999990873,1943987.158199999947101,0,0,0,0,0,0,0,0
551,952035.230199999990873,1943987.158199999947101,953035.230199999990873,1942987.158199999947101,0,1,1,2,0,0,0,0
568,953035.230199999990873,1957987.158199999947101,954035.230199999990873,1956987.158199999947101,0,0,4,7,0,2,0,0
569,953035.230199999990873,1956987.158199999947101,954035.230199999990873,1955987.158199999947101,1,1,1,1,0,0,0,0
570,953035.230199999990873,1955987.158199999947101,954035.230199999990873,1954987.158199999947101,0,0,0,0,0,0,0,0
571,953035.230199999990873,1954987.158199999947101,954035.230199999990873,1953987.158199999947101,0,0,0,0,0,1,0,1
572,953035.230199999990873,1953987.158199999947101,954035.230199999990873,1952987.158199999947101,2,6,12,12,0,0,1,0
573,953035.230199999990873,1952987.158199999947101,954035.230199999990873,1951987.158199999947101,8,14,30,19,0,0,0,0
574,953035.230199999990873,1951987.158199999947101,954035.230199999990873,1950987.158199999947101,3,6,9,8,0,0,0,0
575,953035.230199999990873,1950987.158199999947101,954035.230199999990873,1949987.158199999947101,2,2,3,0,0,0,2,1
566,953035.230199999990873,1959987.158199999947101,954035.230199999990873,1958987.158199999947101,0,0,0,0,0,0,0,0
567,953035.230199999990873,1958987.158199999947101,954035.230199999990873,1957987.158199999947101,0,0,0,0,0,0,0,0
456,949035.230199999990873,1945987.158199999947101,950035.230199999990873,1944987.158199999947101,0,0,1,3,1,0,0,0
457,949035.230199999990873,1944987.158199999947101,950035.230199999990873,1943987.158199999947101,0,0,0,0,0,6,3,1
458,949035.230199999990873,1943987.158199999947101,950035.230199999990873,1942987.158199999947101,1,1,0,1,1,1,1,0
459,949035.230199999990873,1942987.158199999947101,950035.230199999990873,1941987.158199999947101,0,2,1,0,0,1,0,1
460,949035.230199999990873,1941987.158199999947101,950035.230199999990873,1940987.158199999947101,0,0,0,0,0,5,0,0
461,949035.230199999990873,1940987.158199999947101,950035.230199999990873,1939987.158199999947101,0,0,0,1,0,2,0,0
462,949035.230199999990873,1939987.158199999947101,950035.230199999990873,1938987.158199999947101,0,0,0,0,0,0,0,0
463,949035.230199999990873,1938987.158199999947101,950035.230199999990873,1937987.158199999947101,0,0,0,0,0,0,0,0
448,949035.230199999990873,1953987.158199999947101,950035.230199999990873,1952987.158199999947101,0,1,2,4,0,2,3,1
449,949035.230199999990873,1952987.158199999947101,950035.230199999990873,1951987.158199999947101,0,1,1,1,1,2,0,0
450,949035.230199999990873,1951987.158199999947101,950035.230199999990873,1950987.158199999947101,2,9,2,4,0,0,1,0
451,949035.230199999990873,1950987.158199999947101,950035.230199999990873,1949987.158199999947101,4,21,6,11,1,1,0,0
452,949035.230199999990873,1949987.158199999947101,950035.230199999990873,1948987.158199999947101,1,3,1,1,0,0,0,0
453,949035.230199999990873,1948987.158199999947101,950035.230199999990873,1947987.158199999947101,0,0,1,0,0,0,0,1
454,949035.230199999990873,1947987.158199999947101,950035.230199999990873,1946987.158199999947101,0,2,2,2,0,0,0,0
455,949035.230199999990873,1946987.158199999947101,950035.230199999990873,1945987.158199999947101,0,0,0,0,2,0,0,1
472,950035.230199999990873,1960987.158199999947101,951035.230199999990873,1959987.158199999947101,0,0,2,0,0,1,0,0
473,950035.230199999990873,1959987.158199999947101,951035.230199999990873,1958987.158199999947101,0,0,0,0,0,0,0,0
474,950035.230199999990873,1958987.158199999947101,951035.230199999990873,1957987.158199999947101,0,0,0,0,0,0,0,0
475,950035.230199999990873,1957987.158199999947101,951035.230199999990873,1956987.158199999947101,0,0,0,0,0,0,0,0
476,950035.230199999990873,1956987.158199999947101,951035.230199999990873,1955987.158199999947101,0,0,4,0,0,1,0,0
477,950035.230199999990873,1955987.158199999947101,951035.230199999990873,1954987.158199999947101,0,0,0,0,0,0,0,0
478,950035.230199999990873,1954987.158199999947101,951035.230199999990873,1953987.158199999947101,2,1,0,1,0,1,1,0
479,950035.230199999990873,1953987.158199999947101,951035.230199999990873,1952987.158199999947101,0,0,2,2,0,1,0,0
470,950035.230199999990873,1962987.158199999947101,951035.230199999990873,1961987.158199999947101,0,0,0,0,0,0,0,0
471,950035.230199999990873,1961987.158199999947101,951035.230199999990873,1960987.158199999947101,0,0,0,0,0,0,0,0
488,950035.230199999990873,1944987.158199999947101,951035.230199999990873,1943987.158199999947101,0,1,1,0,0,1,1,1
489,950035.230199999990873,1943987.158199999947101,951035.230199999990873,1942987.158199999947101,0,0,1,2,0,1,1,0
490,950035.230199999990873,1942987.158199999947101,951035.230199999990873,1941987.158199999947101,0,0,0,0,0,0,0,4
491,950035.230199999990873,1941987.158199999947101,951035.230199999990873,1940987.158199999947101,1,2,6,4,0,0,0,0
492,950035.230199999990873,1940987.158199999947101,951035.230199999990873,1939987.158199999947101,0,0,0,0,0,2,0,0
493,950035.230199999990873,1939987.158199999947101,951035.230199999990873,1938987.158199999947101,0,0,0,0,0,0,0,0
494,950035.230199999990873,1938987.158199999947101,951035.230199999990873,1937987.158199999947101,0,0,0,0,0,0,0,0
495,950035.230199999990873,1937987.158199999947101,951035.230199999990873,1936987.158199999947101,0,0,0,0,0,0,0,0
480,950035.230199999990873,1952987.158199999947101,951035.230199999990873,1951987.158199999947101,0,2,3,0,0,0,0,0
481,950035.230199999990873,1951987.158199999947101,951035.230199999990873,1950987.158199999947101,4,13,1,3,0,0,0,0
482,950035.230199999990873,1950987.158199999947101,951035.230199999990873,1949987.158199999947101,2,10,2,10,1,0,1,2
483,950035.230199999990873,1949987.158199999947101,951035.230199999990873,1948987.158199999947101,0,0,0,0,1,0,0,2
484,950035.230199999990873,1948987.158199999947101,951035.230199999990873,1947987.158199999947101,0,0,0,1,0,0,0,0
485,950035.230199999990873,1947987.158199999947101,951035.230199999990873,1946987.158199999947101,0,1,0,0,0,0,0,0
486,950035.230199999990873,1946987.158199999947101,951035.230199999990873,1945987.158199999947101,1,2,1,3,0,0,0,0
487,950035.230199999990873,1945987.158199999947101,951035.230199999990873,1944987.158199999947101,0,2,3,3,0,0,0,1
504,951035.230199999990873,1959987.158199999947101,952035.230199999990873,1958987.158199999947101,0,0,0,0,0,0,0,0
505,951035.230199999990873,1958987.158199999947101,952035.230199999990873,1957987.158199999947101,0,0,0,0,0,0,0,0
506,951035.230199999990873,1957987.158199999947101,952035.230199999990873,1956987.158199999947101,0,0,0,0,0,1,0,0
507,951035.230199999990873,1956987.158199999947101,952035.230199999990873,1955987.158199999947101,3,1,2,3,0,0,0,0
508,951035.230199999990873,1955987.158199999947101,952035.230199999990873,1954987.158199999947101,0,0,1,3,0,2,0,1
509,951035.230199999990873,1954987.158199999947101,952035.230199999990873,1953987.158199999947101,0,0,0,0,0,0,0,1
510,951035.230199999990873,1953987.158199999947101,952035.230199999990873,1952987.158199999947101,0,0,0,0,1,0,0,0
511,951035.230199999990873,1952987.158199999947101,952035.230199999990873,1951987.158199999947101,0,0,2,1,0,0,0,0
501,951035.230199999990873,1962987.158199999947101,952035.230199999990873,1961987.158199999947101,0,0,0,0,0,0,0,0
502,951035.230199999990873,1961987.158199999947101,952035.230199999990873,1960987.158199999947101,0,0,0,0,0,0,0,0
503,951035.230199999990873,1960987.158199999947101,952035.230199999990873,1959987.158199999947101,0,0,0,0,0,0,0,0
392,947035.230199999990873,1947987.158199999947101,948035.230199999990873,1946987.158199999947101,0,1,3,5,0,0,0,0
393,947035.230199999990873,1946987.158199999947101,948035.230199999990873,1945987.158199999947101,3,5,1,4,0,0,2,0
394,947035.230199999990873,1945987.158199999947101,948035.230199999990873,1944987.158199999947101,0,0,0,0,1,6,1,2
395,947035.230199999990873,1944987.158199999947101,948035.230199999990873,1943987.158199999947101,0,1,0,3,0,0,0,0
396,947035.230199999990873,1943987.158199999947101,948035.230199999990873,1942987.158199999947101,0,0,0,0,0,8,1,0
397,947035.230199999990873,1942987.158199999947101,948035.230199999990873,1941987.158199999947101,0,0,0,0,0,7,2,0
398,947035.230199999990873,1941987.158199999947101,948035.230199999990873,1940987.158199999947101,0,1,4,2,2,3,0,0
399,947035.230199999990873,1940987.158199999947101,948035.230199999990873,1939987.158199999947101,0,0,0,0,1,3,2,0
384,947035.230199999990873,1955987.158199999947101,948035.230199999990873,1954987.158199999947101,0,0,0,0,0,1,3,0
385,947035.230199999990873,1954987.158199999947101,948035.230199999990873,1953987.158199999947101,0,0,1,0,1,1,0,1
386,947035.230199999990873,1953987.158199999947101,948035.230199999990873,1952987.158199999947101,0,0,1,1,0,3,0,1
387,947035.230199999990873,1952987.158199999947101,948035.230199999990873,1951987.158199999947101,0,1,0,1,0,0,0,0
388,947035.230199999990873,1951987.158199999947101,948035.230199999990873,1950987.158199999947101,1,5,2,2,0,0,1,3
389,947035.230199999990873,1950987.158199999947101,948035.230199999990873,1949987.158199999947101,2,5,0,0,0,0,1,1
390,947035.230199999990873,1949987.158199999947101,948035.230199999990873,1948987.158199999947101,0,0,0,0,0,0,0,0
391,947035.230199999990873,1948987.158199999947101,948035.230199999990873,1947987.158199999947101,0,1,0,1,0,0,0,0
410,948035.230199999990873,1960987.158199999947101,949035.230199999990873,1959987.158199999947101,0,0,0,0,0,0,0,0
411,948035.230199999990873,1959987.158199999947101,949035.230199999990873,1958987.158199999947101,0,0,0,0,0,0,0,0
412,948035.230199999990873,1958987.158199999947101,949035.230199999990873,1957987.158199999947101,0,0,0,0,1,1,2,1
413,948035.230199999990873,1957987.158199999947101,949035.230199999990873,1956987.158199999947101,0,0,0,0,1,2,0,0
414,948035.230199999990873,1956987.158199999947101,949035.230199999990873,1955987.158199999947101,0,0,3,0,1,4,0,2
415,948035.230199999990873,1955987.158199999947101,949035.230199999990873,1954987.158199999947101,0,0,2,1,1,1,3,1
400,947035.230199999990873,1939987.158199999947101,948035.230199999990873,1938987.158199999947101,0,2,3,0,1,3,3,1
401,947035.230199999990873,1938987.158199999947101,948035.230199999990873,1937987.158199999947101,0,1,2,1,0,0,0,0
402,947035.230199999990873,1937987.158199999947101,948035.230199999990873,1936987.158199999947101,0,0,0,0,0,0,0,1
424,948035.230199999990873,1946987.158199999947101,949035.230199999990873,1945987.158199999947101,0,0,1,1,0,0,0,2
425,948035.230199999990873,1945987.158199999947101,949035.230199999990873,1944987.158199999947101,0,0,0,1,0,2,1,0
426,948035.230199999990873,1944987.158199999947101,949035.230199999990873,1943987.158199999947101,0,0,1,0,0,0,0,0
427,948035.230199999990873,1943987.158199999947101,949035.230199999990873,1942987.158199999947101,0,1,0,3,0,0,0,4
428,948035.230199999990873,1942987.158199999947101,949035.230199999990873,1941987.158199999947101,0,0,2,0,0,14,1,1
429,948035.230199999990873,1941987.158199999947101,949035.230199999990873,1940987.158199999947101,0,0,0,0,0,0,1,0
430,948035.230199999990873,1940987.158199999947101,949035.230199999990873,1939987.158199999947101,0,0,0,1,0,3,0,0
431,948035.230199999990873,1939987.158199999947101,949035.230199999990873,1938987.158199999947101,0,0,2,1,1,2,0,1
416,948035.230199999990873,1954987.158199999947101,949035.230199999990873,1953987.158199999947101,0,1,2,1,0,4,0,0
417,948035.230199999990873,1953987.158199999947101,949035.230199999990873,1952987.158199999947101,0,0,0,0,1,1,0,0
418,948035.230199999990873,1952987.158199999947101,949035.230199999990873,1951987.158199999947101,0,2,0,1,0,0,0,1
419,948035.230199999990873,1951987.158199999947101,949035.230199999990873,1950987.158199999947101,2,10,0,0,0,1,1,0
420,948035.230199999990873,1950987.158199999947101,949035.230199999990873,1949987.158199999947101,7,36,6,14,0,0,1,0
421,948035.230199999990873,1949987.158199999947101,949035.230199999990873,1948987.158199999947101,0,4,1,2,0,0,0,0
422,948035.230199999990873,1948987.158199999947101,949035.230199999990873,1947987.158199999947101,0,0,1,0,0,0,0,0
423,948035.230199999990873,1947987.158199999947101,949035.230199999990873,1946987.158199999947101,0,3,2,1,0,0,0,0
440,949035.230199999990873,1961987.158199999947101,950035.230199999990873,1960987.158199999947101,0,0,0,0,0,0,0,0
441,949035.230199999990873,1960987.158199999947101,950035.230199999990873,1959987.158199999947101,0,0,1,0,0,0,0,0
442,949035.230199999990873,1959987.158199999947101,950035.230199999990873,1958987.158199999947101,0,0,3,0,1,0,0,0
443,949035.230199999990873,1958987.158199999947101,950035.230199999990873,1957987.158199999947101,0,0,0,1,0,1,1,0
444,949035.230199999990873,1957987.158199999947101,950035.230199999990873,1956987.158199999947101,0,0,2,1,1,0,1,0
445,949035.230199999990873,1956987.158199999947101,950035.230199999990873,1955987.158199999947101,3,2,1,3,0,3,0,2
446,949035.230199999990873,1955987.158199999947101,950035.230199999990873,1954987.158199999947101,0,0,0,1,0,0,2,0
447,949035.230199999990873,1954987.158199999947101,950035.230199999990873,1953987.158199999947101,0,0,0,1,0,0,1,0
432,948035.230199999990873,1938987.158199999947101,949035.230199999990873,1937987.158199999947101,0,0,0,1,0,0,0,0
433,948035.230199999990873,1937987.158199999947101,949035.230199999990873,1936987.158199999947101,0,0,0,0,0,0,0,0
328,945035.230199999990873,1949987.158199999947101,946035.230199999990873,1948987.158199999947101,0,0,0,0,0,0,0,0
329,945035.230199999990873,1948987.158199999947101,946035.230199999990873,1947987.158199999947101,0,0,2,1,0,0,0,0
330,945035.230199999990873,1947987.158199999947101,946035.230199999990873,1946987.158199999947101,0,0,0,0,0,0,0,0
331,945035.230199999990873,1946987.158199999947101,946035.230199999990873,1945987.158199999947101,0,0,0,0,0,0,0,0
332,945035.230199999990873,1945987.158199999947101,946035.230199999990873,1944987.158199999947101,2,1,1,0,0,0,0,0
333,945035.230199999990873,1944987.158199999947101,946035.230199999990873,1943987.158199999947101,1,2,3,6,0,1,2,1
334,945035.230199999990873,1943987.158199999947101,946035.230199999990873,1942987.158199999947101,1,1,3,2,0,2,0,1
335,945035.230199999990873,1942987.158199999947101,946035.230199999990873,1941987.158199999947101,0,0,1,1,0,0,0,0
322,945035.230199999990873,1955987.158199999947101,946035.230199999990873,1954987.158199999947101,0,0,0,0,0,0,0,0
323,945035.230199999990873,1954987.158199999947101,946035.230199999990873,1953987.158199999947101,0,0,0,0,0,0,0,1
324,945035.230199999990873,1953987.158199999947101,946035.230199999990873,1952987.158199999947101,0,0,1,1,0,0,0,0
325,945035.230199999990873,1952987.158199999947101,946035.230199999990873,1951987.158199999947101,1,2,1,0,0,0,0,0
326,945035.230199999990873,1951987.158199999947101,946035.230199999990873,1950987.158199999947101,0,1,0,0,0,0,0,0
327,945035.230199999990873,1950987.158199999947101,946035.230199999990873,1949987.158199999947101,0,0,0,0,0,0,0,0
336,945035.230199999990873,1941987.158199999947101,946035.230199999990873,1940987.158199999947101,0,0,0,0,0,0,0,0
337,945035.230199999990873,1940987.158199999947101,946035.230199999990873,1939987.158199999947101,0,0,0,0,1,0,0,0
338,945035.230199999990873,1939987.158199999947101,946035.230199999990873,1938987.158199999947101,0,0,0,0,0,0,0,0
360,946035.230199999990873,1948987.158199999947101,947035.230199999990873,1947987.158199999947101,1,2,0,2,0,0,0,0
361,946035.230199999990873,1947987.158199999947101,947035.230199999990873,1946987.158199999947101,1,5,2,0,0,0,0,0
362,946035.230199999990873,1946987.158199999947101,947035.230199999990873,1945987.158199999947101,3,9,2,5,1,1,0,0
363,946035.230199999990873,1945987.158199999947101,947035.230199999990873,1944987.158199999947101,1,4,5,1,1,1,0,2
364,946035.230199999990873,1944987.158199999947101,947035.230199999990873,1943987.158199999947101,1,1,3,2,0,2,0,0
365,946035.230199999990873,1943987.158199999947101,947035.230199999990873,1942987.158199999947101,0,0,1,2,0,1,0,1
366,946035.230199999990873,1942987.158199999947101,947035.230199999990873,1941987.158199999947101,1,1,1,1,0,4,0,2
367,946035.230199999990873,1941987.158199999947101,947035.230199999990873,1940987.158199999947101,3,3,6,2,3,3,1,1
353,946035.230199999990873,1955987.158199999947101,947035.230199999990873,1954987.158199999947101,0,0,0,0,0,0,0,0
354,946035.230199999990873,1954987.158199999947101,947035.230199999990873,1953987.158199999947101,0,0,1,1,0,0,0,0
355,946035.230199999990873,1953987.158199999947101,947035.230199999990873,1952987.158199999947101,0,2,4,0,0,3,0,0
356,946035.230199999990873,1952987.158199999947101,947035.230199999990873,1951987.158199999947101,5,1,2,1,0,0,0,0
357,946035.230199999990873,1951987.158199999947101,947035.230199999990873,1950987.158199999947101,0,0,1,0,0,0,0,0
358,946035.230199999990873,1950987.158199999947101,947035.230199999990873,1949987.158199999947101,0,0,1,0,0,0,0,0
359,946035.230199999990873,1949987.158199999947101,947035.230199999990873,1948987.158199999947101,0,0,0,0,0,0,0,0
378,947035.230199999990873,1961987.158199999947101,948035.230199999990873,1960987.158199999947101,0,0,0,0,0,0,0,0
379,947035.230199999990873,1960987.158199999947101,948035.230199999990873,1959987.158199999947101,0,0,0,0,0,0,0,0
380,947035.230199999990873,1959987.158199999947101,948035.230199999990873,1958987.158199999947101,0,0,0,0,0,0,0,0
381,947035.230199999990873,1958987.158199999947101,948035.230199999990873,1957987.158199999947101,0,0,0,0,0,0,0,0
382,947035.230199999990873,1957987.158199999947101,948035.230199999990873,1956987.158199999947101,0,0,0,0,0,0,0,0
383,947035.230199999990873,1956987.158199999947101,948035.230199999990873,1955987.158199999947101,0,0,0,1,0,0,6,2
368,946035.230199999990873,1940987.158199999947101,947035.230199999990873,1939987.158199999947101,0,0,0,0,1,2,2,1
369,946035.230199999990873,1939987.158199999947101,947035.230199999990873,1938987.158199999947101,0,1,4,3,2,4,0,1
370,946035.230199999990873,1938987.158199999947101,947035.230199999990873,1937987.158199999947101,0,0,0,0,0,0,0,0
371,946035.230199999990873,1937987.158199999947101,947035.230199999990873,1936987.158199999947101,0,0,0,0,0,0,0,0
264,943035.230199999990873,1951987.158199999947101,944035.230199999990873,1950987.158199999947101,0,0,0,1,0,1,0,0
265,943035.230199999990873,1950987.158199999947101,944035.230199999990873,1949987.158199999947101,0,0,2,1,0,0,1,0
266,943035.230199999990873,1949987.158199999947101,944035.230199999990873,1948987.158199999947101,0,0,1,1,0,3,0,0
267,943035.230199999990873,1948987.158199999947101,944035.230199999990873,1947987.158199999947101,0,0,0,1,0,1,3,0
268,943035.230199999990873,1947987.158199999947101,944035.230199999990873,1946987.158199999947101,0,0,1,2,0,5,1,0
269,943035.230199999990873,1946987.158199999947101,944035.230199999990873,1945987.158199999947101,0,2,5,3,0,1,0,0
270,943035.230199999990873,1945987.158199999947101,944035.230199999990873,1944987.158199999947101,0,0,0,0,1,4,0,0
271,943035.230199999990873,1944987.158199999947101,944035.230199999990873,1943987.158199999947101,1,1,1,2,0,1,0,0
262,943035.230199999990873,1953987.158199999947101,944035.230199999990873,1952987.158199999947101,0,0,0,0,0,0,0,0
263,943035.230199999990873,1952987.158199999947101,944035.230199999990873,1951987.158199999947101,0,0,0,0,0,0,0,0
272,943035.230199999990873,1943987.158199999947101,944035.230199999990873,1942987.158199999947101,0,0,1,1,0,2,0,0
296,944035.230199999990873,1950987.158199999947101,945035.230199999990873,1949987.158199999947101,0,1,1,0,0,0,0,0
297,944035.230199999990873,1949987.158199999947101,945035.230199999990873,1948987.158199999947101,0,0,0,1,0,0,2,1
298,944035.230199999990873,1948987.158199999947101,945035.230199999990873,1947987.158199999947101,0,1,1,2,1,0,1,0
299,944035.230199999990873,1947987.158199999947101,945035.230199999990873,1946987.158199999947101,4,5,3,2,0,0,0,0
300,944035.230199999990873,1946987.158199999947101,945035.230199999990873,1945987.158199999947101,0,0,0,1,0,1,0,3
301,944035.230199999990873,1945987.158199999947101,945035.230199999990873,1944987.158199999947101,3,1,2,0,0,0,0,0
302,944035.230199999990873,1944987.158199999947101,945035.230199999990873,1943987.158199999947101,0,0,1,0,0,0,0,0
303,944035.230199999990873,1943987.158199999947101,945035.230199999990873,1942987.158199999947101,0,0,0,0,0,0,0,0
292,944035.230199999990873,1954987.158199999947101,945035.230199999990873,1953987.158199999947101,0,0,0,0,0,0,0,0
293,944035.230199999990873,1953987.158199999947101,945035.230199999990873,1952987.158199999947101,0,0,0,0,0,0,0,0
294,944035.230199999990873,1952987.158199999947101,945035.230199999990873,1951987.158199999947101,0,0,0,0,0,0,0,0
295,944035.230199999990873,1951987.158199999947101,945035.230199999990873,1950987.158199999947101,0,0,0,0,0,0,0,0
304,944035.230199999990873,1942987.158199999947101,945035.230199999990873,1941987.158199999947101,0,0,0,0,0,0,0,0
305,944035.230199999990873,1941987.158199999947101,945035.230199999990873,1940987.158199999947101,0,0,0,0,0,0,0,0
200,941035.230199999990873,1953987.158199999947101,942035.230199999990873,1952987.158199999947101,0,0,0,0,0,0,0,0
201,941035.230199999990873,1952987.158199999947101,942035.230199999990873,1951987.158199999947101,1,3,2,1,0,1,1,1
202,941035.230199999990873,1951987.158199999947101,942035.230199999990873,1950987.158199999947101,0,1,1,2,0,0,0,0
203,941035.230199999990873,1950987.158199999947101,942035.230199999990873,1949987.158199999947101,2,1,1,2,0,0,0,0
204,941035.230199999990873,1949987.158199999947101,942035.230199999990873,1948987.158199999947101,0,0,1,2,0,3,3,0
205,941035.230199999990873,1948987.158199999947101,942035.230199999990873,1947987.158199999947101,1,1,0,1,1,3,1,0
206,941035.230199999990873,1947987.158199999947101,942035.230199999990873,1946987.158199999947101,0,0,0,1,0,4,4,1
207,941035.230199999990873,1946987.158199999947101,942035.230199999990873,1945987.158199999947101,0,0,2,2,0,3,0,1
199,941035.230199999990873,1954987.158199999947101,942035.230199999990873,1953987.158199999947101,0,0,0,0,0,0,0,0
208,941035.230199999990873,1945987.158199999947101,942035.230199999990873,1944987.158199999947101,0,0,0,0,0,1,1,0
209,941035.230199999990873,1944987.158199999947101,942035.230199999990873,1943987.158199999947101,0,0,0,1,0,0,1,3
210,941035.230199999990873,1943987.158199999947101,942035.230199999990873,1942987.158199999947101,0,0,1,0,0,0,0,0
211,941035.230199999990873,1942987.158199999947101,942035.230199999990873,1941987.158199999947101,0,0,0,0,0,1,0,0
212,941035.230199999990873,1941987.158199999947101,942035.230199999990873,1940987.158199999947101,0,0,0,0,0,0,0,0
232,942035.230199999990873,1952987.158199999947101,943035.230199999990873,1951987.158199999947101,0,0,1,0,0,0,1,4
233,942035.230199999990873,1951987.158199999947101,943035.230199999990873,1950987.158199999947101,1,4,1,4,1,3,2,1
234,942035.230199999990873,1950987.158199999947101,943035.230199999990873,1949987.158199999947101,0,0,3,1,1,3,2,3
235,942035.230199999990873,1949987.158199999947101,943035.230199999990873,1948987.158199999947101,0,0,0,0,1,5,8,1
236,942035.230199999990873,1948987.158199999947101,943035.230199999990873,1947987.158199999947101,0,0,0,0,0,4,1,0
237,942035.230199999990873,1947987.158199999947101,943035.230199999990873,1946987.158199999947101,0,0,0,0,1,3,2,0
238,942035.230199999990873,1946987.158199999947101,943035.230199999990873,1945987.158199999947101,0,0,0,0,1,2,1,1
239,942035.230199999990873,1945987.158199999947101,943035.230199999990873,1944987.158199999947101,0,0,3,2,0,0,0,0
231,942035.230199999990873,1953987.158199999947101,943035.230199999990873,1952987.158199999947101,0,0,0,0,0,0,0,0
240,942035.230199999990873,1944987.158199999947101,943035.230199999990873,1943987.158199999947101,1,1,2,0,0,0,3,0
241,942035.230199999990873,1943987.158199999947101,943035.230199999990873,1942987.158199999947101,0,0,0,0,0,1,0,0
242,942035.230199999990873,1942987.158199999947101,943035.230199999990873,1941987.158199999947101,0,0,0,0,0,0,0,0
243,942035.230199999990873,1941987.158199999947101,943035.230199999990873,1940987.158199999947101,0,0,0,0,0,0,0,0
1165,972035.230199999990873,1949987.158199999947101,973035.230199999990873,1948987.158199999947101,0,0,0,0,0,0,0,0
136,939035.230199999990873,1955987.158199999947101,940035.230199999990873,1954987.158199999947101,0,0,0,0,0,0,0,0
137,939035.230199999990873,1954987.158199999947101,940035.230199999990873,1953987.158199999947101,0,0,0,0,0,0,1,0
138,939035.230199999990873,1953987.158199999947101,940035.230199999990873,1952987.158199999947101,0,0,1,3,0,2,0,1
139,939035.230199999990873,1952987.158199999947101,940035.230199999990873,1951987.158199999947101,0,0,0,0,0,1,1,3
140,939035.230199999990873,1951987.158199999947101,940035.230199999990873,1950987.158199999947101,0,0,0,0,0,0,2,0
141,939035.230199999990873,1950987.158199999947101,940035.230199999990873,1949987.158199999947101,0,0,0,0,0,0,0,1
142,939035.230199999990873,1949987.158199999947101,940035.230199999990873,1948987.158199999947101,0,1,0,0,0,0,0,0
146,939035.230199999990873,1945987.158199999947101,940035.230199999990873,1944987.158199999947101,0,0,0,0,0,0,0,0
147,939035.230199999990873,1944987.158199999947101,940035.230199999990873,1943987.158199999947101,0,0,0,0,0,0,0,0
148,939035.230199999990873,1943987.158199999947101,940035.230199999990873,1942987.158199999947101,0,0,0,0,0,0,0,0
149,939035.230199999990873,1942987.158199999947101,940035.230199999990873,1941987.158199999947101,0,0,0,0,0,0,0,0
150,939035.230199999990873,1941987.158199999947101,940035.230199999990873,1940987.158199999947101,0,0,0,0,0,0,0,0
168,940035.230199999990873,1954987.158199999947101,941035.230199999990873,1953987.158199999947101,0,0,0,0,0,1,0,0
169,940035.230199999990873,1953987.158199999947101,941035.230199999990873,1952987.158199999947101,0,0,0,0,0,0,0,0
170,940035.230199999990873,1952987.158199999947101,941035.230199999990873,1951987.158199999947101,0,1,1,0,0,0,1,1
171,940035.230199999990873,1951987.158199999947101,941035.230199999990873,1950987.158199999947101,0,0,0,0,0,0,0,0
172,940035.230199999990873,1950987.158199999947101,941035.230199999990873,1949987.158199999947101,0,0,0,0,0,6,0,0
173,940035.230199999990873,1949987.158199999947101,941035.230199999990873,1948987.158199999947101,0,0,0,0,0,0,0,0
174,940035.230199999990873,1948987.158199999947101,941035.230199999990873,1947987.158199999947101,0,0,0,1,1,0,0,0
175,940035.230199999990873,1947987.158199999947101,941035.230199999990873,1946987.158199999947101,0,1,1,0,0,1,0,0
176,940035.230199999990873,1946987.158199999947101,941035.230199999990873,1945987.158199999947101,0,0,0,0,0,1,0,0
177,940035.230199999990873,1945987.158199999947101,941035.230199999990873,1944987.158199999947101,0,0,0,0,0,0,0,0
178,940035.230199999990873,1944987.158199999947101,941035.230199999990873,1943987.158199999947101,0,0,1,1,0,1,2,0
179,940035.230199999990873,1943987.158199999947101,941035.230199999990873,1942987.158199999947101,0,0,0,0,0,3,0,0
1099,970035.230199999990873,1953987.158199999947101,971035.230199999990873,1952987.158199999947101,0,0,0,0,0,0,0,0
180,940035.230199999990873,1942987.158199999947101,941035.230199999990873,1941987.158199999947101,0,0,0,0,0,0,0,0
1100,970035.230199999990873,1952987.158199999947101,971035.230199999990873,1951987.158199999947101,0,0,0,0,0,0,0,0
1101,970035.230199999990873,1951987.158199999947101,971035.230199999990873,1950987.158199999947101,0,0,0,0,0,0,1,0
1102,970035.230199999990873,1950987.158199999947101,971035.230199999990873,1949987.158199999947101,0,1,0,0,0,0,0,1
1103,970035.230199999990873,1949987.158199999947101,971035.230199999990873,1948987.158199999947101,0,0,0,0,0,0,1,0
74,937035.230199999990873,1955987.158199999947101,938035.230199999990873,1954987.158199999947101,0,0,0,0,0,0,0,0
75,937035.230199999990873,1954987.158199999947101,938035.230199999990873,1953987.158199999947101,0,0,0,0,0,0,0,0
76,937035.230199999990873,1953987.158199999947101,938035.230199999990873,1952987.158199999947101,0,0,0,0,0,0,0,0
77,937035.230199999990873,1952987.158199999947101,938035.230199999990873,1951987.158199999947101,0,0,0,0,0,0,0,0
78,937035.230199999990873,1951987.158199999947101,938035.230199999990873,1950987.158199999947101,0,0,0,0,0,0,0,0
79,937035.230199999990873,1950987.158199999947101,938035.230199999990873,1949987.158199999947101,0,0,0,0,0,0,0,0
