,Q19A1,Q21AA8,Q21CA2,Q21CB4,Q21CC1,Q21CC3
0,2,1,4,2,2,2
1,3,3,4,2,2,2
2,3,3,4,2,2,2
3,3,3,4,3,2,2
4,1,3,1,1,1,1
5,3,2,1,2,2,1
6,4,2,5,3,4,4
7,3,3,4,2,3,2
8,3,4,3,3,4,3
9,3,3,4,2,2,2
10,3,3,5,5,5,5
11,2,3,4,4,3,3
12,3,3,4,4,3,3
13,3,3,3,4,2,1
14,3,3,4,4,2,2
15,2,3,4,3,3,3
16,2,3,2,4,4,5
17,3,3,4,2,2,2
18,2,2,2,1,2,2
19,2,2,3,3,2,2
20,2,3,4,2,2,2
21,3,4,3,4,2,2
22,2,3,2,3,3,2
23,3,3,4,2,2,2
24,3,3,2,1,2,1
25,3,3,3,2,4,4
26,3,3,4,4,2,2
27,2,3,4,2,3,2
28,2,3,2,4,3,2
29,2,1,2,2,3,3
30,2,1,3,2,2,2
31,3,2,4,3,4,4
32,3,3,4,2,2,2
33,3,1,4,4,4,4
34,2,1,2,2,2,2
35,1,3,1,1,1,1
36,2,1,3,1,2,2
37,3,4,4,3,4,4
38,2,3,4,3,3,3
39,2,3,2,2,3,2
40,3,3,4,1,4,2
41,2,2,4,3,3,3
42,3,1,4,2,2,1
43,2,2,3,2,3,2
44,2,3,2,2,2,2
45,2,3,4,2,2,2
46,3,3,4,2,3,2
47,3,3,4,1,1,1
48,2,3,4,1,4,2
49,2,3,4,2,2,2
50,2,3,1,1,1,1
51,2,3,4,2,2,2
52,2,3,2,1,1,1
53,2,3,2,1,2,3
54,4,3,3,1,1,1
55,2,3,4,1,2,1
56,2,2,3,3,3,3
57,3,3,4,3,3,4
58,3,3,3,3,3,3
59,2,2,3,3,2,2
60,3,3,2,3,3,4
61,3,4,4,4,4,4
62,2,3,4,2,3,2
63,4,3,5,4,5,4
64,3,3,3,3,3,4
65,3,3,4,2,2,2
66,3,2,4,2,3,3
67,2,3,2,4,3,3
68,2,3,4,2,3,2
69,3,3,2,2,2,1
70,3,2,3,3,2,3
71,1,3,3,2,2,3
72,2,3,3,1,2,2
73,3,3,4,3,3,4
74,2,3,3,3,3,3
75,3,3,3,3,2,2
76,2,3,5,3,4,3
77,2,3,4,1,2,1
78,2,3,3,3,3,3
79,3,3,3,2,3,2
80,3,3,3,3,3,3
81,3,3,4,3,3,3
82,3,3,3,2,2,2
83,3,3,1,1,1,1
84,2,2,3,2,2,1
85,3,3,5,2,1,1
86,1,3,3,2,3,3
87,2,3,3,3,3,4
88,2,3,2,3,2,3
89,2,3,4,3,2,1
90,3,3,4,3,3,3
91,3,3,3,3,3,3
92,3,3,3,1,2,1
93,3,3,1,2,1,2
94,2,3,3,2,3,2
95,2,3,3,1,1,1
96,2,5,4,1,3,2
97,2,3,3,2,2,2
98,2,3,4,1,3,2
99,2,3,3,3,4,2
100,2,4,4,3,3,2
101,3,3,2,1,3,3
102,2,2,2,3,3,2
103,3,3,3,2,1,2
104,2,3,5,4,3,2
105,2,3,3,3,2,3
106,2,3,3,2,2,3
107,3,3,3,2,4,3
108,2,3,2,2,2,2
109,2,3,3,2,2,3
110,2,3,2,2,2,2
111,2,3,3,1,3,2
112,3,4,3,3,3,3
113,2,3,2,2,3,3
114,2,3,3,3,3,3
115,3,3,4,3,4,3
116,2,3,5,3,3,2
117,2,2,4,3,2,2
118,3,2,2,3,3,2
119,2,3,4,2,1,1
120,3,3,5,4,4,4
121,2,3,1,1,1,1
122,3,4,3,2,3,2
123,3,3,3,3,3,4
124,2,3,5,2,3,2
125,2,3,3,3,4,2
126,2,3,2,1,1,1
127,2,3,2,2,2,2
128,2,3,5,2,4,3
129,2,3,2,1,1,1
130,2,3,1,2,1,1
131,3,3,2,1,3,1
132,3,4,2,3,3,3
133,3,4,4,3,3,4
134,2,3,3,1,2,2
135,3,4,4,4,3,4
136,3,3,1,2,2,2
137,2,1,3,3,3,2
138,2,3,3,2,3,2
139,3,3,3,3,4,3
140,2,3,3,3,3,4
141,2,1,3,2,2,2
142,3,3,3,2,2,2
143,4,4,4,2,2,2
144,3,3,2,2,4,2
145,2,3,4,3,3,3
146,3,2,3,2,3,4
147,3,3,3,3,2,4
148,2,5,4,3,2,2
149,2,3,4,3,2,2
150,2,3,3,2,2,2
151,2,2,3,1,3,2
152,2,3,3,4,3,4
153,2,4,3,2,2,2
154,3,5,4,3,2,3
155,2,3,2,2,2,2
156,4,4,3,4,3,3
157,3,2,5,3,3,4
158,2,3,4,3,3,4
159,3,3,2,2,3,2
160,2,3,2,2,2,2
161,3,3,3,2,4,2
162,2,3,5,2,2,2
163,2,3,2,3,3,3
164,2,3,3,2,1,1
165,3,3,3,4,4,4
166,3,3,3,2,2,2
167,3,3,2,2,2,2
168,2,3,5,2,3,2
169,3,3,3,3,4,3
170,3,3,3,2,2,2
171,2,2,2,1,1,2
172,3,4,3,3,3,3
173,2,3,4,4,3,2
174,3,3,2,4,3,3
175,3,3,4,1,3,2
176,3,3,4,2,3,2
177,3,3,4,2,3,2
178,3,3,4,1,3,2
179,3,3,3,3,2,3
180,3,3,2,2,2,1
181,1,4,4,1,1,1
182,3,3,3,2,3,2
183,2,3,4,2,2,4
184,2,3,3,2,2,2
185,3,3,2,2,3,3
186,3,4,3,1,2,2
187,3,3,1,2,3,3
188,3,3,3,4,4,4
189,2,3,3,4,4,4
190,2,3,3,1,3,2
191,2,3,5,1,3,1
192,1,4,2,1,1,2
193,3,4,2,1,2,1
194,1,3,2,1,1,1
195,3,4,2,2,4,2
196,3,2,3,4,4,3
197,2,3,2,2,2,2
198,3,3,2,2,2,3
199,2,2,2,2,2,2
200,2,4,4,1,1,1
201,2,3,1,1,2,1
202,3,3,5,1,3,3
203,3,4,4,3,2,4
204,2,3,2,3,3,3
205,3,3,4,2,2,3
206,3,3,2,2,2,2
207,2,3,2,3,2,2
208,3,3,2,2,3,2
209,3,3,4,3,3,3
210,2,3,2,2,2,2
211,2,3,3,2,3,4
212,2,3,2,2,3,2
213,2,1,4,3,2,3
214,3,3,3,4,3,3
215,2,3,3,2,3,3
216,2,3,3,3,3,4
217,2,2,3,4,2,2
218,3,4,3,4,4,3
219,2,3,4,3,4,3
220,3,3,2,3,3,2
221,3,3,4,3,2,1
222,2,3,3,2,3,3
223,3,2,4,3,3,3
224,3,2,5,3,3,3
225,3,4,2,3,2,2
226,2,3,4,3,3,3
227,3,3,2,3,4,3
228,3,3,3,3,3,4
229,3,1,4,3,4,3
230,3,3,4,4,4,5
231,2,3,4,4,3,3
232,2,3,2,3,3,3
233,1,3,3,3,2,3
234,3,3,4,1,3,1
235,3,3,4,5,5,4
236,4,5,4,4,4,5
237,2,3,2,2,3,3
238,3,3,3,3,4,4
239,3,3,4,2,2,3
240,2,3,4,1,2,2
241,3,3,3,4,3,3
242,3,4,4,3,4,3
243,2,3,3,3,3,2
244,3,4,4,3,3,3
245,2,4,3,3,3,3
246,3,3,4,3,4,3
247,2,4,3,2,3,2
248,4,4,3,3,3,3
249,3,4,3,4,4,4
250,3,4,4,4,4,4
251,2,3,2,2,2,2
252,3,3,4,3,4,4
253,3,4,3,3,4,3
254,3,3,3,4,4,3
255,3,2,4,4,4,4
256,2,3,2,3,3,3
257,3,3,3,2,2,1
258,2,4,2,2,2,3
259,2,3,3,1,1,1
260,2,3,3,1,2,1
261,3,3,3,3,3,3
262,3,3,4,4,4,3
263,3,3,2,3,2,2
264,2,3,3,2,2,2
265,3,3,4,1,1,2
266,3,3,3,1,2,2
267,3,3,4,2,2,3
268,2,3,4,3,2,2
269,2,4,4,1,2,1
270,3,3,2,1,1,1
271,4,3,2,1,1,1
272,1,4,3,2,2,1
273,3,3,4,3,3,4
274,2,3,1,1,1,1
275,3,3,2,1,1,1
276,3,4,4,2,2,2
277,3,3,2,2,3,3
278,2,3,3,1,3,1
279,2,3,3,1,3,1
280,2,1,3,1,2,3
281,3,3,1,2,1,1
282,3,3,4,2,3,2
283,3,3,5,2,3,3
284,3,4,3,3,4,4
285,2,3,3,4,3,3
286,3,3,3,3,3,4
287,1,4,3,3,3,3
288,2,3,4,2,3,3
289,3,3,4,3,4,4
290,3,3,3,1,3,3
291,2,3,2,3,3,4
292,2,2,4,2,4,3
293,2,4,4,1,2,2
294,3,3,2,2,2,2
295,2,2,3,2,3,2
296,3,3,3,4,3,3
297,3,3,3,3,4,3
298,2,3,2,1,3,3
299,3,4,4,3,3,4
300,3,4,3,2,3,3
301,2,3,4,3,3,3
302,2,3,2,3,2,3
303,3,1,5,3,3,3
304,3,3,3,3,3,3
305,3,4,2,1,3,3
306,2,4,5,1,3,4
307,3,4,4,3,3,4
308,3,3,2,4,4,3
309,3,3,3,4,3,3
310,2,3,3,2,3,2
311,4,3,2,1,4,2
312,3,3,4,3,3,2
313,3,3,1,2,3,3
314,3,3,5,3,4,5
315,2,3,5,4,3,3
316,3,5,3,2,2,2
317,2,3,2,2,2,1
318,3,4,3,3,4,3
319,3,3,3,3,3,3
320,3,3,3,4,3,3
321,2,3,3,4,3,3
322,2,1,3,2,3,2
323,3,3,1,1,1,1
324,3,3,4,1,2,1
325,2,5,3,3,3,4
326,2,3,1,1,2,1
327,2,3,1,1,2,2
328,3,3,3,2,3,3
329,4,3,3,2,2,2
330,2,4,4,4,3,3
331,3,5,4,1,4,3
332,3,4,2,1,1,2
333,2,3,3,2,2,3
334,3,5,3,3,3,2
335,3,3,1,2,2,1
336,2,1,3,1,2,1
337,2,1,4,2,2,2
338,3,3,1,2,3,4
339,3,4,2,2,2,2
340,3,1,3,1,2,3
341,2,3,3,3,3,4
342,4,4,4,2,4,4
343,4,3,3,1,3,2
344,3,3,4,3,3,3
345,2,3,5,2,1,3
346,3,2,4,2,3,3
347,3,5,4,1,1,2
348,3,3,4,2,2,2
349,3,3,4,3,3,3
350,3,3,4,1,1,1
351,2,3,2,2,4,4
352,4,3,3,2,1,1
353,3,4,3,4,4,2
354,3,3,3,4,4,4
355,3,3,4,3,3,3
356,2,4,4,2,2,3
357,2,3,1,3,1,1
358,3,4,3,3,3,3
359,2,4,3,4,4,3
360,3,4,3,3,2,4
361,3,2,4,4,4,4
362,3,5,3,1,1,2
363,2,3,5,1,1,1
364,1,3,3,1,1,1
365,3,3,3,1,1,1
366,2,3,4,4,3,3
367,3,3,3,3,3,3
368,3,3,2,3,3,4
369,3,2,3,2,3,2
370,3,3,2,2,3,4
371,1,4,3,3,3,3
372,1,3,3,2,2,1
373,2,3,4,2,3,3
374,3,3,3,2,4,3
375,3,3,4,3,3,3
376,3,1,4,4,5,4
377,3,4,5,4,3,4
378,2,3,4,3,3,3
379,2,1,2,2,3,2
380,2,3,3,1,1,1
381,3,3,2,2,1,1
382,2,4,3,2,2,3
383,3,2,2,2,4,5
384,2,3,3,3,3,4
385,2,4,4,3,4,4
386,3,3,2,2,2,2
387,3,3,3,4,3,3
388,3,4,5,4,4,3
389,3,3,3,2,4,4
390,3,3,2,2,3,3
391,2,3,4,4,3,3
392,3,3,4,2,2,1
393,3,3,4,2,2,1
394,3,3,5,2,1,1
395,2,4,3,2,3,3
396,3,3,4,3,4,3
397,3,3,3,2,2,2
398,2,3,2,3,4,3
399,2,4,3,3,3,3
400,2,4,4,4,3,3
401,2,3,2,3,3,3
402,2,3,4,3,3,2
403,3,4,4,4,3,4
404,4,5,5,4,4,4
405,2,3,4,4,3,2
406,2,3,2,2,3,3
407,3,3,2,3,3,4
408,3,3,3,2,4,4
409,3,4,2,3,4,2
410,3,3,3,1,2,3
411,3,3,3,3,3,3
412,4,3,3,2,4,3
413,4,3,2,1,4,3
414,1,1,1,2,2,2
415,3,2,3,3,4,5
416,3,3,2,2,2,2
417,3,3,3,3,1,1
418,3,3,3,2,2,2
419,3,4,3,4,2,4
420,2,4,3,2,2,2
421,3,3,3,3,3,3
422,3,3,2,1,1,1
423,2,3,1,1,1,1
424,3,3,4,1,1,1
425,3,3,3,1,3,1
426,3,3,3,3,3,3
427,3,3,5,4,4,5
428,3,3,2,3,3,4
429,3,2,3,3,3,3
430,2,3,2,2,4,4
431,2,3,4,1,3,1
432,3,3,3,2,2,2
433,1,3,3,2,3,3
434,3,3,4,3,3,2
435,3,3,3,4,4,4
436,2,4,2,2,2,2
437,3,3,3,3,4,4
438,3,3,3,4,4,4
439,3,3,3,4,4,2
440,3,4,3,3,4,4
441,3,4,3,3,2,4
442,3,4,3,3,3,3
443,2,3,2,2,2,2
444,3,3,4,1,2,1
445,2,3,4,3,2,3
446,3,3,4,4,3,4
447,2,3,3,1,3,2
448,2,1,3,4,2,2
449,3,3,2,3,4,3
450,2,3,5,3,3,3
451,1,3,2,2,2,3
452,3,3,4,2,3,3
453,3,3,4,3,3,3
454,2,3,4,3,3,2
455,2,3,2,2,2,2
456,2,3,4,4,1,1
457,2,3,5,3,3,3
458,3,3,2,2,2,2
459,3,3,3,4,2,4
460,3,3,3,4,3,2
461,2,2,5,4,2,1
462,1,3,4,1,1,1
463,3,3,4,2,3,2
464,3,3,3,1,1,1
465,3,3,3,3,4,2
466,2,3,3,4,3,3
467,2,3,2,3,1,1
468,2,3,4,3,3,4
469,3,4,4,2,3,3
470,3,3,3,2,2,2
471,3,3,4,4,3,2
472,3,3,3,3,2,2
473,3,3,3,2,4,2
474,1,2,3,2,2,2
475,3,4,5,4,4,3
476,3,3,2,3,3,4
477,3,3,3,1,4,4
478,2,1,3,3,3,3
479,2,3,1,1,4,3
480,3,3,4,3,4,4
481,2,3,3,2,2,2
482,3,3,3,3,2,2
483,3,3,2,2,3,2
484,3,1,3,2,2,2
485,2,3,4,3,3,3
486,3,3,3,2,3,2
487,4,3,2,1,3,1
488,3,3,2,1,3,1
489,2,3,2,3,3,4
490,3,3,4,1,2,1
491,3,4,4,3,3,4
492,2,4,5,3,3,1
493,4,3,5,2,2,2
494,2,4,3,3,4,3
495,3,3,1,4,2,2
496,3,3,3,3,4,4
497,3,4,3,2,4,4
498,1,4,3,1,1,1
499,3,3,2,3,3,2
500,3,4,3,3,3,2
501,2,3,4,2,2,1
502,2,3,3,2,2,2
503,3,4,3,4,4,3
504,2,3,3,4,4,4
505,2,3,1,1,1,1
506,2,1,1,1,1,1
507,3,4,3,3,4,3
508,3,3,4,1,2,2
509,3,2,3,3,3,3
510,3,1,3,3,3,4
511,3,4,3,4,3,4
512,2,3,4,2,3,4
513,1,1,4,1,2,2
514,3,3,3,4,3,3
515,2,3,4,2,3,2
516,1,3,2,1,2,2
517,2,3,2,1,2,3
518,3,3,3,3,2,2
519,3,3,3,3,2,4
520,3,3,3,2,2,2
521,3,3,3,3,2,2
522,3,3,3,3,3,2
523,3,1,3,2,2,2
524,3,4,3,3,3,4
525,2,3,4,1,2,2
526,3,3,4,1,2,2
527,2,4,3,4,3,3
528,3,3,3,3,3,3
529,2,3,3,1,3,3
530,2,3,4,1,2,2
531,3,3,2,2,3,2
532,3,3,4,3,4,3
533,3,4,3,1,2,2
534,3,3,2,1,3,3
535,2,3,2,1,1,1
536,3,3,2,2,2,2
537,3,4,3,4,4,3
538,3,3,2,2,2,1
539,3,4,5,2,4,3
540,2,3,3,3,2,2
541,2,3,5,1,3,2
542,2,3,3,1,1,1
543,2,3,4,3,3,3
544,2,3,4,4,2,2
545,3,3,3,3,2,2
546,3,3,4,1,1,1
547,2,3,3,4,2,2
548,3,3,2,2,4,4
549,3,3,3,1,2,1
550,3,3,3,3,2,2
551,3,3,3,4,4,3
552,3,3,3,3,3,3
553,2,3,2,2,3,4
554,2,3,4,2,3,2
555,3,3,3,3,4,3
556,2,3,4,4,3,3
557,2,3,2,3,3,3
558,3,3,2,1,2,1
559,3,3,2,3,4,3
560,4,3,3,1,2,3
561,3,3,4,3,3,3
562,3,2,3,2,2,2
563,3,3,2,3,3,3
564,2,3,3,2,3,3
565,3,3,2,3,3,3
566,3,3,3,2,2,2
567,2,3,3,1,2,2
568,3,1,3,3,4,4
569,3,3,4,3,4,3
570,2,3,3,3,2,3
571,2,3,4,4,2,2
572,2,3,2,2,4,3
573,2,3,4,3,3,2
574,3,3,4,3,3,3
575,3,3,2,3,4,5
576,3,3,2,2,3,3
577,2,3,4,3,4,3
578,2,3,2,2,3,2
579,3,3,4,2,3,4
580,1,3,1,1,1,1
581,3,3,5,1,2,2
582,3,3,2,2,3,2
583,2,2,3,2,2,2
584,2,3,2,1,1,1
585,2,3,3,1,2,2
586,3,3,3,3,3,4
587,2,3,2,2,4,2
588,2,3,4,3,3,4
589,3,3,4,2,2,2
590,3,3,2,2,4,4
591,2,3,2,4,2,4
592,2,3,3,3,3,2
593,3,3,3,3,4,3
594,2,3,2,2,3,3
595,2,3,3,2,2,2
596,3,3,3,3,3,3
597,3,3,2,2,2,3
598,2,3,1,1,2,1
599,3,3,4,4,3,3
600,3,1,3,2,2,2
601,3,3,3,2,2,2
602,3,3,3,2,3,3
603,3,3,1,2,2,2
604,3,3,1,3,3,4
605,2,3,4,3,2,2
606,2,1,4,2,2,2
607,1,3,4,2,3,3
608,3,3,2,2,3,3
609,2,2,3,1,1,1
610,2,3,2,3,2,2
611,1,3,3,1,3,2
612,2,3,2,2,4,4
613,3,3,3,2,2,2
614,3,3,2,2,3,2
615,3,3,3,3,4,3
616,3,3,2,1,3,3
617,2,1,3,1,2,2
618,2,1,3,2,1,2
619,2,3,1,1,3,2
620,3,3,2,3,3,3
621,3,2,4,4,3,3
622,2,3,4,3,2,2
623,2,3,2,1,1,1
624,3,3,3,3,3,3
625,2,3,2,3,3,2
626,2,3,2,1,2,2
627,2,3,2,2,4,3
628,2,3,3,3,2,1
629,1,3,4,3,3,3
630,3,3,2,2,3,3
631,2,1,2,2,1,2
632,3,3,4,2,3,2
633,3,3,3,3,3,4
634,3,3,3,4,4,4
635,3,3,3,4,2,4
636,2,3,3,3,3,3
637,3,3,4,1,1,1
638,3,3,2,2,2,2
639,2,3,5,3,2,3
640,2,3,2,1,3,1
641,3,3,2,2,2,2
642,3,2,2,3,4,3
643,2,4,3,1,3,3
644,2,3,4,3,3,3
645,4,3,2,1,3,3
646,3,3,4,2,2,3
647,2,3,3,2,3,3
648,2,3,2,1,3,3
649,2,1,3,1,2,1
650,2,3,4,1,2,1
651,3,3,4,3,4,3
652,2,1,3,3,2,2
653,3,4,2,3,4,2
654,3,3,2,2,4,3
655,3,1,2,1,2,3
656,3,1,2,1,1,1
657,3,3,1,1,3,3
658,3,3,2,3,3,3
659,2,3,2,2,2,2
660,3,3,3,4,4,3
661,3,2,3,4,4,4
662,2,1,2,2,2,2
663,3,3,3,1,1,1
664,3,4,2,3,4,4
665,3,3,4,1,1,1
666,3,3,4,4,4,4
667,3,1,1,1,1,2
668,3,3,3,5,4,3
669,2,1,3,2,2,3
670,3,3,3,1,3,3
671,3,3,4,1,3,4
672,2,3,2,2,2,2
673,3,3,4,4,3,3
674,3,3,3,3,2,3
675,3,4,3,3,4,4
676,2,3,4,1,1,1
677,3,3,1,1,4,2
678,3,3,2,1,4,2
679,2,1,1,1,1,1
680,2,1,3,1,1,2
681,3,3,3,1,2,2
682,3,3,2,2,2,2
683,3,4,3,3,4,4
684,3,3,3,3,4,4
685,3,3,1,1,1,1
686,2,3,3,4,3,5
687,2,4,5,3,3,4
688,3,4,3,2,4,2
689,3,3,2,1,2,2
690,3,4,4,4,3,4
691,3,3,3,3,2,2
692,2,3,4,4,3,3
693,2,3,2,4,3,4
694,3,3,4,4,3,3
695,3,3,4,2,4,3
696,3,3,1,2,2,3
697,3,3,4,3,3,2
698,3,4,3,3,4,3
699,2,4,3,2,2,2
700,2,4,3,2,3,2
701,3,3,4,3,3,2
702,2,3,2,3,3,3
703,3,3,4,4,3,2
704,2,3,4,3,3,3
705,3,4,4,1,1,2
706,2,3,5,2,3,3
707,2,3,3,2,3,2
708,2,3,2,5,4,3
709,3,3,3,2,3,3
710,3,3,4,2,3,4
711,2,4,4,2,2,1
712,3,3,3,3,2,3
713,2,3,2,2,3,2
714,1,3,3,1,4,3
715,3,3,4,4,3,3
716,4,5,4,4,4,5
717,2,3,4,3,3,3
718,3,5,3,3,3,3
719,2,2,4,2,2,3
720,3,3,4,3,3,3
721,2,3,2,1,2,2
722,3,3,4,1,4,3
723,3,3,4,4,3,4
724,3,3,2,1,2,3
725,2,3,3,4,3,3
726,3,3,4,1,2,2
727,3,4,2,2,3,2
728,2,3,2,1,3,3
729,2,3,3,3,4,4
730,2,3,4,1,1,1
731,2,3,4,3,2,3
732,1,3,2,1,2,2
733,3,3,4,3,4,3
734,2,4,3,4,3,4
735,1,3,3,3,2,2
736,1,3,3,1,2,2
737,2,3,2,2,3,3
738,1,3,2,1,2,2
739,2,3,4,2,3,1
740,2,3,3,2,2,1
741,2,4,2,5,4,4
742,3,3,4,2,2,2
743,3,3,4,1,4,4
744,3,4,3,3,4,4
745,3,3,3,3,3,3
746,2,3,3,1,2,2
747,2,3,4,3,3,3
748,2,3,3,1,1,1
749,2,4,4,2,5,4
750,2,4,3,2,3,3
751,3,3,4,2,3,3
752,2,3,4,2,3,2
753,2,3,2,2,1,2
754,3,3,2,5,2,3
755,3,3,5,4,4,4
756,3,5,3,4,3,3
757,3,3,4,3,2,2
758,2,3,2,3,2,2
759,3,3,3,2,3,3
760,2,3,4,2,2,2
761,3,3,3,3,3,3
762,3,4,4,2,3,4
763,3,3,5,1,2,3
764,3,3,4,4,4,5
765,3,4,4,3,3,3
766,3,3,3,2,2,2
767,2,3,5,2,2,2
768,3,4,4,4,4,4
769,4,4,5,3,4,4
770,3,3,4,4,3,4
771,3,3,4,4,4,4
772,3,2,2,4,4,3
773,3,1,2,2,2,2
774,2,3,3,3,2,3
775,3,4,4,3,3,4
776,3,5,3,3,3,3
777,2,4,3,3,2,3
778,2,3,4,3,3,3
779,3,4,5,5,1,2
780,2,3,4,2,3,3
781,3,4,4,3,3,3
782,3,4,4,3,3,3
783,3,3,3,4,4,4
784,3,3,4,4,4,3
785,3,3,4,3,3,2
786,2,3,4,3,3,4
787,4,5,4,4,5,5
788,3,1,4,1,3,2
789,1,5,4,2,1,2
790,3,3,4,4,3,4
791,3,3,4,2,2,3
792,4,3,4,1,3,3
793,2,3,3,3,3,3
794,2,4,2,4,4,3
795,3,4,3,2,4,4
796,3,3,3,3,4,5
797,2,3,3,2,3,2
798,3,4,2,4,4,4
799,2,4,4,3,3,4
800,1,2,4,3,3,3
801,2,3,5,2,3,3
802,3,3,3,4,4,4
803,3,3,3,3,4,4
804,2,3,3,1,3,2
805,2,3,2,3,1,1
806,3,3,3,3,2,1
807,2,3,4,3,3,2
808,2,3,2,2,3,2
809,3,3,2,1,4,4
810,3,3,3,3,3,3
811,4,3,4,4,4,5
812,3,3,4,3,3,3
813,3,3,1,1,1,1
814,3,3,3,2,3,4
815,2,3,5,4,3,1
816,3,3,3,3,3,3
817,3,4,5,3,3,3
818,3,3,4,3,2,2
819,3,3,2,2,2,1
820,3,3,2,2,2,1
821,3,4,4,2,3,2
822,2,3,2,3,3,3
823,3,3,4,3,2,2
824,3,4,3,2,4,3
825,3,4,3,4,3,4
826,2,3,1,1,2,2
827,3,2,2,3,2,3
828,3,3,1,3,2,2
829,3,3,4,3,3,3
830,3,4,2,3,3,3
831,3,3,2,3,2,3
832,3,2,3,4,4,3
833,2,3,3,3,2,3
834,2,3,4,3,3,3
835,2,4,3,1,2,2
836,3,3,2,1,2,2
837,3,3,4,1,3,3
838,3,4,3,3,4,3
839,3,3,3,4,3,3
840,3,3,4,3,3,3
841,2,3,2,1,2,2
842,3,3,3,1,2,2
843,3,3,4,3,3,4
844,3,4,3,2,2,3
845,3,4,3,3,4,4
846,3,2,4,2,2,2
847,3,4,4,3,3,4
848,2,2,3,3,3,3
849,3,3,3,3,3,3
850,2,3,2,1,4,2
851,3,3,4,3,2,2
852,2,4,4,4,4,4
853,3,1,4,2,3,2
854,3,3,2,1,3,3
855,3,3,3,2,3,2
856,2,3,1,1,3,2
857,3,4,2,2,3,2
858,4,3,2,1,3,2
859,4,3,4,2,4,3
860,2,3,1,1,2,2
861,3,3,3,1,4,4
862,2,3,3,1,2,3
863,2,3,3,3,3,2
864,2,4,4,4,3,3
865,2,2,3,2,3,4
866,3,3,4,2,3,2
867,2,3,4,2,3,3
868,3,3,4,2,2,3
869,2,3,3,1,2,2
870,3,4,3,1,3,3
871,2,3,3,3,3,3
872,2,3,4,3,4,4
873,2,4,5,4,2,2
874,2,3,3,1,2,2
875,3,3,4,3,3,4
876,3,3,3,3,3,4
877,3,3,4,3,3,3
878,2,4,3,1,2,2
879,3,4,5,3,4,4
880,2,3,3,3,4,3
881,3,3,4,3,2,2
882,3,1,4,3,4,4
883,2,3,3,3,2,2
884,3,3,4,2,3,3
885,2,3,2,1,3,2
886,2,3,5,2,2,4
887,2,1,3,2,3,3
888,3,3,3,3,3,3
889,2,3,3,3,2,2
890,2,4,3,3,3,3
891,3,4,4,4,3,3
892,3,2,4,4,3,2
893,2,3,4,2,2,2
894,3,3,4,1,3,3
895,4,4,4,3,3,3
896,2,1,3,2,3,2
897,3,3,3,3,3,3
898,2,3,2,1,2,3
899,3,3,5,1,1,1
900,2,3,2,2,2,2
901,4,3,5,2,4,2
902,3,3,4,2,3,3
903,2,3,3,1,2,1
904,2,3,1,3,2,2
905,2,3,2,3,2,2
906,3,3,2,1,3,4
907,2,4,3,4,3,2
908,3,3,5,1,3,1
909,3,4,3,4,3,4
910,3,4,4,4,4,4
911,3,3,2,3,2,3
912,1,3,2,2,3,2
913,2,3,1,2,2,3
914,3,3,2,3,3,2
915,3,3,2,2,2,2
916,2,3,2,3,4,2
917,3,4,2,1,2,2
918,2,3,3,3,3,3
919,3,4,3,1,4,3
920,2,3,3,2,3,2
921,2,2,4,4,2,3
922,3,3,2,3,4,3
923,3,4,3,4,4,4
924,2,4,3,3,2,3
925,3,3,3,1,2,1
926,4,3,4,2,4,4
927,3,3,2,3,3,3
928,2,3,4,3,3,2
929,2,3,3,1,1,1
930,3,3,4,4,3,4
931,3,4,5,3,4,3
932,3,4,4,3,3,2
933,2,3,4,3,3,3
934,3,3,4,1,3,2
935,3,3,3,1,3,2
936,2,4,3,3,3,4
937,4,4,5,5,2,2
938,2,3,3,3,3,2
939,3,5,3,2,4,3
940,2,3,3,2,3,3
941,2,3,4,3,3,3
942,3,4,3,4,4,3
943,1,4,4,1,1,2
944,1,3,4,2,3,2
945,3,3,4,4,3,3
946,3,3,4,4,4,4
947,3,3,4,4,3,3
948,4,3,4,3,3,4
949,2,4,4,3,3,4
950,2,3,2,1,2,2
951,3,3,3,3,2,3
952,2,2,3,3,4,3
953,3,4,4,4,3,4
954,3,3,2,3,2,2
955,3,3,3,3,3,3
956,3,5,4,2,2,3
957,2,3,2,3,3,3
958,3,4,3,3,3,2
959,3,3,4,1,1,1
960,2,3,4,3,3,4
961,2,4,3,3,4,3
962,2,4,3,3,4,3
963,3,3,4,3,4,3
964,3,3,4,2,2,3
965,3,1,4,4,4,3
966,2,3,3,3,3,4
967,3,3,3,1,3,2
968,3,4,4,2,3,2
969,3,3,3,2,3,2
970,3,3,4,1,3,2
971,3,3,5,2,3,2
972,3,3,4,1,3,1
973,3,3,5,1,3,1
974,3,3,3,1,3,2
975,3,4,3,3,3,2
976,3,4,4,1,3,2
977,3,3,2,4,4,3
978,3,2,3,3,2,3
979,2,3,4,3,3,2
980,2,3,4,3,4,2
981,2,1,3,2,2,2
982,2,3,5,4,3,2
983,3,3,4,4,2,4
984,3,3,2,3,4,3
985,3,4,2,3,4,3
986,3,3,3,2,3,1
987,3,3,4,3,3,2
988,2,2,3,3,3,2
989,3,3,4,1,3,2
990,2,3,2,2,2,2
991,3,3,4,2,3,2
992,3,3,4,3,3,3
993,3,3,4,1,3,1
994,3,3,4,1,3,2
995,3,4,4,2,4,3
996,3,4,4,2,3,2
997,3,1,3,2,3,3
998,3,3,2,2,3,3
999,2,3,3,2,3,2
1000,3,3,4,3,2,3
1001,3,1,4,2,3,3
1002,3,3,3,3,3,3
1003,3,1,4,2,2,2
1004,3,3,4,3,3,3
1005,3,5,3,3,3,3
1006,3,3,3,3,3,3
1007,3,3,4,3,3,2
1008,3,3,4,4,2,2
1009,3,3,4,1,2,2
1010,3,3,3,2,2,2
1011,2,3,3,2,2,3
1012,3,5,4,2,3,3
1013,3,3,3,2,2,2
1014,3,3,4,2,3,2
1015,3,3,3,3,3,3
1016,3,4,4,3,3,3
1017,3,3,3,3,4,2
1018,3,3,3,1,4,4
1019,3,3,3,3,4,4
1020,3,5,3,3,2,4
1021,3,3,3,1,3,2
1022,3,3,3,2,3,3
1023,2,3,3,3,2,2
1024,3,3,3,2,2,2
1025,3,3,4,3,2,2
1026,2,3,3,3,2,2
1027,3,5,4,4,3,3
1028,3,4,2,2,4,4
1029,2,3,2,4,3,2
1030,3,4,3,2,3,2
1031,4,5,4,2,3,3
1032,3,1,3,2,2,2
1033,3,3,2,2,3,3
1034,3,3,4,3,3,3
1035,3,3,4,2,2,2
1036,3,3,3,2,2,2
1037,3,3,4,1,2,1
1038,3,3,4,2,2,2
1039,3,3,4,1,1,1
1040,3,3,5,1,3,2
1041,3,3,4,1,3,2
1042,3,3,3,2,2,2
1043,3,3,3,2,2,2
1044,3,3,3,3,2,2
1045,4,3,4,1,5,3
1046,2,4,3,4,4,3
1047,3,3,4,3,3,2
1048,3,3,3,3,3,3
1049,3,4,4,2,3,2
1050,3,4,3,4,4,3
1051,3,3,4,2,3,2
1052,2,3,4,4,3,3
1053,3,3,4,3,3,2
1054,3,3,2,3,3,3
1055,2,4,2,4,3,3
1056,3,4,2,4,4,3
1057,2,3,5,3,2,1
1058,2,2,5,3,4,2
1059,3,4,4,2,3,4
1060,3,4,3,3,2,3
1061,3,3,5,4,3,3
1062,3,3,4,3,4,3
1063,3,3,5,4,3,3
1064,3,3,3,1,3,2
1065,3,3,4,3,2,3
1066,3,4,3,2,4,2
1067,2,4,4,4,4,4
1068,3,3,3,2,3,2
1069,3,4,4,2,4,3
1070,2,4,4,3,3,3
1071,2,3,4,3,4,4
1072,3,4,5,4,2,1
1073,2,3,1,2,2,2
1074,2,3,4,3,2,3
1075,2,3,3,3,3,3
1076,3,4,2,4,4,3
1077,3,3,3,4,4,3
1078,3,3,3,3,3,3
1079,1,3,5,1,1,1
1080,2,3,4,2,2,2
1081,2,4,1,3,2,3
1082,3,4,2,2,3,4
1083,2,3,3,1,3,2
1084,3,4,5,5,4,4
1085,3,4,4,4,4,4
1086,2,3,2,1,2,1
1087,3,3,4,3,3,3
1088,2,3,3,3,3,4
1089,3,3,4,4,4,1
1090,2,3,4,3,3,3
1091,3,3,2,1,1,1
1092,1,3,2,3,3,2
1093,3,3,2,2,2,1
1094,2,2,1,2,2,2
1095,2,3,4,3,3,2
1096,2,4,4,1,2,2
1097,3,3,4,1,4,3
1098,3,3,3,1,1,3
1099,3,4,4,3,3,3
1100,2,4,4,4,3,3
1101,2,2,3,3,2,2
1102,2,3,3,4,3,3
1103,2,3,2,2,3,3
1104,3,3,3,3,2,2
1105,3,4,4,2,3,2
1106,3,4,4,1,3,2
1107,2,3,2,3,3,2
1108,2,4,4,3,3,3
1109,3,3,3,2,3,3
1110,2,3,4,3,3,4
1111,2,3,3,3,3,4
1112,2,4,4,3,4,3
1113,3,3,3,2,3,3
1114,3,3,4,3,3,3
1115,1,3,4,3,2,3
1116,1,5,3,3,3,4
1117,2,3,4,4,4,4
1118,3,3,4,4,3,3
1119,3,3,2,2,2,2
1120,3,3,3,1,4,2
1121,2,4,4,3,4,3
1122,3,3,5,4,4,4
1123,3,3,1,3,3,4
1124,3,3,3,4,3,4
1125,2,4,4,3,3,2
1126,3,4,4,2,3,3
1127,1,3,2,2,2,3
1128,2,3,3,2,2,2
1129,3,5,4,3,3,2
1130,2,3,4,3,3,2
1131,1,4,4,3,3,3
1132,2,5,2,4,4,4
1133,2,3,3,2,3,3
1134,2,3,4,3,2,2
1135,3,4,4,3,3,2
1136,3,3,2,2,1,1
1137,2,3,4,1,3,3
1138,3,2,4,2,2,2
1139,3,4,2,2,3,3
1140,2,3,4,3,4,3
1141,3,3,3,4,4,3
1142,2,3,3,2,3,2
1143,3,3,4,2,2,2
1144,3,3,3,1,3,2
1145,2,3,4,3,2,2
1146,3,4,3,4,3,4
1147,3,4,4,3,3,2
1148,1,4,3,1,2,3
1149,4,3,5,5,3,2
1150,4,3,2,3,4,4
1151,3,4,3,3,4,3
1152,2,3,3,2,4,4
1153,3,4,4,3,3,3
1154,3,3,4,2,2,3
1155,2,3,2,2,2,2
1156,2,3,4,2,2,3
1157,3,3,3,3,4,4
1158,3,3,3,1,3,3
1159,3,3,2,3,3,2
1160,3,4,4,3,3,4
1161,2,3,2,3,3,4
1162,2,3,4,4,4,3
1163,3,4,2,3,3,5
1164,3,3,2,2,2,2
1165,3,3,4,4,4,4
1166,3,3,3,4,4,2
1167,3,3,4,3,3,3
1168,2,1,2,2,2,2
1169,3,2,4,3,2,2
1170,2,4,2,2,4,3
1171,3,3,5,4,4,5
1172,3,4,2,4,4,3
1173,3,3,3,1,3,1
1174,3,3,4,3,3,3
1175,3,3,4,3,3,3
1176,2,2,3,4,3,4
1177,3,3,3,3,2,3
1178,3,3,4,4,5,4
1179,4,5,5,5,4,5
1180,3,5,4,2,4,4
1181,3,3,3,3,3,3
1182,3,3,3,3,3,2
1183,2,3,3,2,3,4
1184,2,2,4,3,2,3
1185,3,4,3,4,4,3
1186,4,3,3,3,3,3
1187,3,3,4,3,3,3
1188,3,4,4,4,3,4
1189,3,3,4,4,4,3
1190,3,3,3,3,3,4
1191,4,4,4,4,4,3
1192,3,3,2,2,3,4
1193,3,3,2,3,4,3
1194,2,2,4,3,4,3
1195,2,4,4,4,3,3
1196,2,3,3,4,4,4
1197,3,3,2,2,2,1
1198,2,3,4,3,3,3
1199,3,3,4,3,4,4
1200,3,4,2,2,3,3
1201,3,3,2,3,3,3
1202,3,3,3,3,2,3
1203,3,5,4,2,2,2
1204,3,5,4,3,4,3
1205,3,3,2,2,3,2
1206,2,3,4,3,3,3
1207,3,4,3,4,5,4
1208,2,2,2,3,2,3
1209,2,3,3,1,1,2
1210,3,4,3,3,2,2
1211,4,3,4,3,3,3
1212,3,4,3,3,3,3
1213,3,4,4,2,2,3
1214,2,4,2,3,4,4
1215,3,3,3,1,2,2
1216,3,4,3,3,4,4
1217,2,3,3,2,3,3
1218,3,3,4,3,3,3
1219,2,3,4,3,3,3
1220,3,3,3,3,3,4
1221,3,3,4,3,4,4
1222,2,3,2,3,4,3
1223,3,4,4,4,3,4
1224,3,2,5,2,4,4
1225,3,4,3,4,4,4
1226,2,3,3,3,3,4
1227,3,3,3,3,2,2
1228,3,3,5,1,2,2
1229,3,3,3,2,3,2
1230,3,3,4,3,3,4
1231,3,3,5,2,3,4
1232,3,3,2,1,1,1
1233,3,4,2,2,3,3
1234,3,4,2,2,3,2
1235,3,2,3,1,3,3
1236,2,5,4,1,4,3
1237,3,4,3,3,3,3
1238,3,4,3,4,4,3
1239,3,3,3,3,3,3
1240,3,3,4,3,3,3
1241,3,4,3,3,4,3
1242,3,5,4,3,3,3
1243,3,4,4,4,4,4
1244,3,4,3,4,3,3
1245,3,3,4,4,4,2
1246,3,3,3,3,3,4
1247,2,3,3,4,4,4
1248,3,4,3,3,4,3
1249,3,3,5,4,4,5
1250,3,3,4,3,3,3
1251,3,5,3,3,4,2
1252,3,3,3,3,3,2
1253,2,4,2,3,3,2
1254,3,2,4,1,3,2
1255,2,4,3,3,3,2
1256,3,4,3,5,4,4
1257,2,3,3,4,3,2
1258,3,2,3,3,3,2
1259,3,4,3,4,4,4
1260,2,4,4,3,3,3
1261,2,3,4,3,3,2
1262,3,3,2,4,3,4
1263,2,4,2,2,2,2
1264,3,3,3,2,2,2
1265,2,3,2,1,3,2
1266,3,3,2,4,3,3
1267,3,3,2,3,4,4
1268,3,5,4,2,2,2
1269,2,3,4,3,3,3
1270,3,3,4,4,4,4
1271,3,4,4,4,3,3
1272,3,3,4,3,4,3
1273,2,4,2,4,2,2
1274,2,4,4,4,4,2
1275,2,4,5,4,3,3
1276,3,3,3,3,3,3
1277,3,4,4,4,4,4
1278,3,4,1,3,3,4
1279,3,5,3,3,4,3
1280,3,2,4,4,4,4
1281,2,4,3,3,3,3
1282,2,3,4,3,4,4
1283,2,3,2,1,3,2
1284,2,3,5,4,4,4
1285,1,4,2,2,3,2
1286,3,3,4,4,4,4
1287,4,3,5,4,3,4
1288,3,3,3,3,4,4
1289,3,3,4,3,3,4
1290,3,3,3,3,4,3
1291,3,4,4,4,3,3
1292,3,4,4,3,3,4
1293,2,3,3,3,3,3
1294,3,3,2,4,3,3
1295,3,2,3,2,4,4
1296,3,4,3,4,4,2
1297,3,3,4,3,3,4
1298,3,3,4,4,3,3
1299,2,3,4,3,3,3
1300,2,3,4,3,3,4
1301,3,3,4,4,3,3
1302,3,3,3,4,4,3
1303,3,4,3,4,4,3
1304,3,4,4,4,4,4
1305,2,3,4,1,2,2
1306,3,4,4,3,3,3
1307,3,3,4,3,3,3
1308,2,3,2,3,4,4
1309,3,4,3,3,3,3
1310,2,3,4,3,3,3
1311,3,5,4,3,3,3
1312,3,3,4,4,3,3
1313,3,3,3,3,3,3
1314,3,4,2,3,4,4
1315,3,3,5,2,2,2
1316,2,4,4,2,3,3
1317,3,4,4,3,4,3
1318,3,3,3,3,4,4
1319,3,3,5,1,1,1
1320,2,3,4,1,1,1
1321,4,3,2,2,3,3
1322,2,3,4,3,3,4
1323,2,3,2,1,1,1
1324,3,4,3,3,3,4
1325,3,3,4,1,2,2
1326,3,3,3,1,3,2
1327,3,4,3,4,4,4
1328,2,3,4,3,3,4
1329,2,4,1,1,1,1
1330,3,4,3,3,4,3
1331,3,4,4,2,4,4
1332,2,3,2,3,3,4
1333,2,3,5,3,2,2
1334,3,3,3,5,4,4
1335,3,4,2,3,3,3
1336,4,4,5,3,4,3
1337,2,4,2,3,3,4
1338,3,2,3,3,3,4
1339,3,4,2,3,3,4
1340,3,4,4,3,3,2
1341,3,3,3,4,4,4
1342,3,5,3,3,2,1
1343,3,4,5,2,4,3
1344,3,4,4,4,4,4
1345,3,3,4,2,4,4
1346,3,4,3,3,3,4
1347,3,3,4,4,5,5
1348,3,1,3,2,3,3
1349,3,5,5,4,4,4
1350,2,5,4,4,2,3
1351,3,4,3,2,4,3
1352,3,4,4,4,3,3
1353,2,3,2,2,3,5
1354,2,3,5,3,3,3
1355,3,4,3,4,4,4
1356,2,3,2,1,2,2
1357,4,3,2,2,3,3
1358,3,4,3,4,4,4
1359,2,3,4,3,3,3
1360,2,4,4,3,4,4
1361,3,4,4,4,4,4
1362,2,3,1,4,4,5
1363,3,4,4,1,4,4
1364,4,4,3,1,4,3
1365,2,4,3,3,4,4
1366,3,3,4,3,3,3
1367,3,3,4,2,3,3
1368,3,4,2,4,4,3
1369,3,3,4,2,2,2
1370,3,3,4,2,2,3
1371,2,4,4,3,4,3
1372,3,4,3,3,4,3
1373,3,2,3,3,3,3
1374,3,3,2,2,2,3
1375,3,3,2,2,3,4
1376,2,3,2,4,3,2
1377,3,3,5,1,2,2
1378,2,3,2,1,2,3
1379,2,4,2,1,3,3
1380,3,3,2,2,3,3
1381,2,3,2,2,3,2
1382,2,3,3,1,2,2
1383,3,4,3,4,3,5
1384,3,3,2,3,3,2
1385,3,3,2,3,2,3
1386,3,3,3,2,3,1
1387,3,3,2,1,1,1
1388,2,3,2,1,2,2
1389,3,3,2,2,3,3
1390,3,3,2,2,2,2
1391,3,3,3,2,2,1
1392,2,3,4,1,2,2
1393,2,3,1,1,1,1
1394,2,3,3,1,1,2
1395,3,3,4,3,2,2
1396,4,3,4,3,2,2
1397,3,4,4,2,3,3
1398,2,3,2,1,2,1
1399,4,3,2,2,2,2
1400,3,3,4,3,3,3
1401,3,3,4,1,3,3
1402,3,5,5,2,3,4
1403,3,4,4,3,3,4
1404,3,4,4,3,3,2
1405,3,4,2,3,4,3
1406,3,4,3,3,1,3
1407,3,3,2,1,3,3
1408,3,3,4,2,2,2
1409,2,4,3,2,3,3
1410,2,4,4,3,3,4
1411,3,3,3,3,2,2
1412,3,4,3,3,4,3
1413,2,4,2,2,3,3
1414,3,4,2,3,3,2
1415,2,3,3,1,2,1
1416,2,4,4,2,3,4
1417,3,4,2,3,3,2
1418,2,3,2,3,2,4
1419,3,4,3,3,4,3
1420,2,4,2,2,3,2
1421,3,4,2,2,3,4
1422,3,3,1,1,1,1
1423,2,3,4,2,3,2
1424,3,4,4,2,3,2
1425,3,4,4,3,3,3
1426,2,3,2,3,3,3
1427,2,3,2,2,3,2
1428,3,4,4,4,3,3
1429,3,4,5,4,4,5
1430,2,3,4,4,4,3
1431,3,4,3,2,3,3
1432,2,5,4,4,3,2
1433,3,5,3,2,4,3
1434,2,3,3,2,3,3
1435,2,5,3,2,3,3
1436,2,3,4,4,3,3
1437,4,4,5,1,4,4
1438,3,5,3,3,2,3
1439,3,5,2,1,3,2
1440,2,3,2,1,2,1
1441,2,3,3,2,2,2
1442,3,4,3,4,4,3
1443,3,3,3,4,4,4
1444,3,3,4,2,4,3
1445,2,2,2,1,2,1
1446,2,3,3,3,2,2
1447,3,3,3,2,2,2
1448,3,5,3,3,4,4
1449,3,4,3,1,2,1
1450,3,3,3,1,2,2
1451,2,2,1,2,2,2
1452,3,4,4,4,4,4
1453,3,2,2,4,4,4
1454,4,3,3,2,4,4
1455,2,4,4,3,3,4
1456,2,3,2,4,3,3
1457,3,3,4,2,4,3
1458,3,4,4,4,4,4
1459,3,4,4,3,2,2
1460,2,4,2,2,3,4
1461,3,3,4,4,4,5
1462,3,3,4,4,4,4
1463,2,3,4,4,4,3
1464,2,4,4,4,4,4
1465,3,3,4,2,3,2
1466,1,4,3,3,3,3
1467,3,4,3,3,3,3
1468,3,4,5,4,4,4
1469,3,3,2,2,3,2
1470,2,3,1,1,2,2
1471,1,4,2,2,1,1
1472,3,2,3,2,3,2
1473,2,2,3,2,2,2
1474,3,3,4,4,3,4
1475,3,3,3,1,2,2
1476,3,4,3,3,4,4
1477,2,4,4,2,3,1
1478,2,3,3,3,2,2
1479,3,4,3,3,4,4
1480,3,3,3,2,3,3
1481,2,3,4,4,3,3
1482,3,4,4,4,3,3
1483,3,3,4,4,4,3
1484,3,4,4,3,5,3
1485,2,5,3,2,2,1
1486,2,4,3,4,3,4
1487,3,4,3,3,3,2
1488,3,3,4,2,3,1
1489,2,3,3,3,4,2
1490,3,3,3,3,3,3
1491,2,3,4,3,4,3
1492,3,3,3,2,3,3
1493,3,4,3,3,3,2
1494,3,5,3,4,4,3
1495,4,4,3,2,3,4
1496,3,3,3,4,4,5
1497,2,4,3,4,3,4
1498,3,3,5,2,4,4
1499,3,3,3,3,4,4
1500,3,3,2,4,2,3
1501,3,3,5,2,3,4
1502,4,4,3,3,4,4
1503,3,4,4,4,4,5
1504,3,4,5,4,4,4
1505,3,3,3,1,2,2
1506,2,4,4,3,3,3
1507,2,4,5,3,4,3
1508,3,4,4,3,4,4
1509,3,3,3,2,2,3
1510,3,4,3,3,4,4
1511,3,5,4,4,4,4
1512,3,4,3,3,3,4
1513,2,2,3,3,3,3
1514,2,5,3,3,3,5
1515,3,4,4,4,3,3
1516,3,3,4,1,3,2
1517,3,3,4,3,3,3
1518,4,5,4,3,4,4
1519,3,4,4,4,3,3
1520,3,4,4,3,3,3
1521,3,5,3,2,2,2
1522,3,4,2,3,3,2
1523,3,3,4,3,3,2
1524,2,3,3,1,2,1
1525,3,4,4,4,4,4
1526,3,3,3,3,4,4
1527,3,5,3,3,4,5
1528,2,3,2,3,2,1
1529,2,3,4,2,2,1
1530,2,3,1,3,3,3
1531,3,2,4,4,4,5
1532,3,3,2,4,4,4
1533,2,4,1,3,2,3
1534,4,5,3,2,4,3
1535,3,4,4,3,3,2
1536,3,4,5,2,2,2
1537,3,3,3,1,2,1
1538,2,4,4,2,3,2
1539,3,4,4,4,3,2
1540,3,4,3,2,3,4
1541,4,4,5,4,3,3
1542,3,4,4,2,3,3
1543,2,2,2,3,3,3
1544,3,4,3,2,3,4
1545,3,4,3,3,3,3
1546,3,5,4,3,3,3
1547,2,4,4,3,3,4
1548,3,5,4,3,4,4
1549,3,5,3,3,3,3
1550,3,4,3,2,1,1
1551,3,4,3,2,4,4
1552,2,3,4,3,3,3
1553,3,3,5,4,3,4
1554,3,4,4,3,2,2
1555,3,3,3,4,4,4
1556,3,3,4,3,4,4
1557,4,3,5,5,5,5
1558,3,3,4,2,3,3
1559,3,5,2,2,3,4
1560,3,4,2,3,4,4
1561,3,4,3,5,4,4
1562,2,4,4,2,3,3
1563,3,3,4,4,4,4
1564,3,4,4,2,4,4
1565,3,4,2,2,3,4
1566,3,3,2,3,4,4
1567,3,4,5,4,4,5
1568,3,3,4,3,4,5
1569,3,4,3,4,4,4
1570,3,4,4,3,3,4
1571,2,3,3,4,3,4
1572,3,3,3,3,2,2
1573,3,4,2,3,4,3
1574,2,4,2,2,2,2
1575,3,4,2,2,4,4
1576,3,4,2,2,4,3
1577,4,4,3,3,3,3
1578,3,4,3,2,3,2
1579,2,4,3,3,3,4
1580,3,3,1,1,1,2
1581,1,3,3,3,3,3
1582,3,4,2,3,2,2
1583,3,4,3,3,4,5
1584,2,3,4,3,3,3
1585,2,3,2,4,4,3
1586,3,3,3,2,2,2
1587,3,4,2,4,4,5
1588,2,3,4,3,3,4
1589,2,2,4,2,4,4
1590,2,5,3,2,4,4
1591,3,3,3,1,1,2
1592,3,4,4,2,3,4
1593,3,3,3,1,4,3
1594,1,4,4,3,3,3
1595,3,5,5,3,5,5
1596,3,3,3,2,3,2
1597,4,3,4,3,3,4
1598,3,3,3,3,4,4
1599,4,3,4,4,4,3
1600,3,5,3,2,4,2
1601,2,3,4,2,2,1
1602,2,3,2,3,3,3
1603,3,4,4,4,4,4
1604,3,4,4,4,4,4
1605,3,4,4,3,4,4
1606,3,4,3,4,4,4
1607,3,3,2,2,2,2
1608,3,4,3,4,2,4
1609,2,4,3,3,3,3
1610,3,3,3,2,2,3
1611,3,3,4,3,3,4
1612,3,3,3,2,3,2
1613,3,4,4,3,3,3
1614,3,5,4,2,3,2
1615,3,3,4,5,4,3
1616,3,3,5,1,3,2
1617,3,4,2,3,4,1
1618,3,3,4,3,3,2
1619,2,3,2,2,4,3
1620,3,4,1,2,3,2
1621,3,2,2,2,4,2
1622,2,3,4,2,2,2
1623,3,4,2,4,4,5
1624,3,1,4,1,2,3
1625,3,2,4,2,3,2
1626,3,4,4,3,4,3
1627,3,3,3,2,3,2
1628,3,4,4,4,3,4
1629,2,3,4,3,2,3
1630,2,4,3,2,3,2
1631,4,3,2,1,3,4
1632,3,2,4,3,4,3
1633,3,4,4,3,3,3
1634,2,3,2,3,3,3
1635,3,3,3,5,5,4
1636,3,4,4,2,3,4
1637,3,3,2,2,2,2
1638,3,3,5,4,4,4
1639,2,3,3,2,3,3
1640,1,4,3,2,3,3
1641,2,4,4,2,3,4
1642,3,4,5,3,3,3
1643,3,4,4,3,4,4
1644,3,4,4,3,3,3
1645,3,4,4,3,4,4
1646,2,4,2,5,4,4
1647,2,4,2,4,3,2
1648,3,3,4,4,4,3
1649,3,3,3,3,4,4
1650,3,4,4,3,4,4
1651,3,3,4,4,4,4
1652,3,4,3,4,3,4
1653,3,2,5,2,4,4
1654,3,4,3,1,2,1
1655,2,3,4,2,3,3
1656,3,2,3,4,2,2
1657,2,4,2,2,2,3
1658,2,4,4,3,4,3
1659,3,3,4,3,3,3
1660,3,4,2,3,4,2
1661,3,4,4,2,3,2
1662,3,3,4,3,3,4
1663,2,3,4,2,2,3
1664,3,3,2,3,3,2
1665,1,3,1,2,3,2
1666,2,4,4,3,4,3
1667,3,3,2,3,4,3
1668,3,3,4,3,4,4
1669,3,3,3,2,2,2
1670,3,3,4,4,4,4
1671,3,3,3,4,3,3
1672,3,3,3,4,3,3
1673,3,3,4,3,3,4
1674,2,5,1,3,2,2
1675,3,4,2,4,4,4
1676,3,4,3,2,4,3
1677,2,4,3,4,3,4
1678,3,4,3,5,4,4
1679,2,4,4,4,4,4
1680,3,4,4,3,4,4
1681,3,4,3,4,4,5
1682,3,5,3,5,5,4
1683,2,4,4,4,4,4
1684,3,3,3,2,4,3
1685,4,3,5,4,4,4
1686,3,4,5,4,4,3
1687,2,4,4,4,4,4
1688,3,3,2,3,4,4
1689,3,3,4,2,4,3
1690,3,4,5,5,4,4
1691,3,3,4,5,5,3
1692,3,4,5,4,5,5
1693,4,3,5,2,4,3
1694,3,3,3,2,4,2
1695,3,4,3,3,4,4
1696,2,4,2,2,3,3
1697,3,3,2,2,3,3
1698,3,3,5,2,1,2
1699,2,3,2,2,2,2
1700,2,2,3,3,3,3
1701,3,4,4,3,4,3
1702,3,5,5,5,4,4
1703,3,3,4,3,3,3
1704,3,4,5,4,3,3
1705,3,4,5,5,4,3
1706,3,5,3,2,3,1
1707,3,4,3,3,3,3
1708,3,5,4,3,3,3
1709,2,4,3,3,4,3
1710,3,4,3,2,2,2
1711,2,4,3,3,3,4
1712,2,4,2,2,1,1
1713,3,1,4,2,3,2
1714,3,3,5,5,4,4
1715,3,4,3,3,4,2
1716,2,2,2,3,2,3
1717,3,4,1,2,4,4
1718,3,4,4,4,3,3
1719,2,4,4,2,3,3
1720,3,3,3,4,3,3
1721,3,4,3,2,4,4
1722,3,4,4,3,4,4
1723,3,4,3,3,4,3
1724,3,3,4,3,4,3
1725,3,4,5,3,3,4
1726,3,3,3,4,4,3
1727,2,3,2,3,3,4
1728,2,2,2,3,2,2
1729,3,3,2,3,3,3
1730,3,4,3,2,2,2
1731,2,3,2,2,4,4
1732,2,4,4,3,3,3
1733,2,4,4,3,3,2
1734,2,3,3,4,3,3
1735,3,5,4,3,3,3
1736,3,2,3,2,3,3
1737,2,3,4,4,3,4
1738,2,3,4,4,4,4
1739,3,4,3,5,3,2
1740,4,4,3,3,4,4
1741,2,2,3,3,3,3
1742,3,3,1,4,4,4
1743,3,5,5,3,3,3
1744,2,2,3,4,3,3
1745,2,4,3,4,3,4
1746,3,3,3,2,3,3
1747,3,2,5,4,3,3
1748,3,5,5,5,4,4
1749,3,4,4,4,4,4
1750,2,3,4,2,3,2
1751,2,3,4,3,3,3
1752,3,3,2,3,2,2
1753,3,4,3,2,2,2
1754,2,3,5,1,1,1
1755,3,3,3,3,3,3
1756,2,3,4,4,4,5
1757,2,4,3,3,2,2
1758,3,4,4,3,3,3
1759,3,4,4,4,4,5
1760,3,4,3,4,4,3
1761,3,4,4,3,3,3
1762,2,4,3,3,4,3
1763,3,4,4,4,4,4
1764,2,4,2,2,4,4
1765,3,5,2,2,4,2
1766,3,3,2,2,3,4
1767,3,3,1,2,5,3
1768,3,4,2,2,3,4
1769,3,4,4,3,3,4
1770,3,4,4,3,3,3
1771,3,3,4,3,4,4
1772,2,3,3,4,4,3
1773,3,3,3,4,4,4
1774,3,3,3,2,2,2
1775,3,4,5,3,4,4
1776,4,4,4,4,4,4
1777,3,4,5,3,2,2
1778,2,3,3,3,3,2
1779,2,4,4,4,4,4
1780,3,3,4,3,4,3
1781,3,4,3,4,4,5
1782,3,3,4,3,3,4
1783,2,5,3,2,4,3
1784,2,3,2,3,4,4
1785,3,4,4,4,3,3
1786,3,4,4,4,4,3
1787,3,3,3,3,1,3
1788,3,4,4,4,3,2
1789,3,4,4,4,4,4
1790,2,4,4,3,4,3
1791,2,3,2,3,3,4
1792,4,3,4,5,4,4
1793,3,3,2,3,2,3
1794,2,4,5,4,4,4
1795,4,4,5,4,5,4
1796,4,3,4,4,3,3
1797,3,4,4,4,4,4
1798,3,3,4,4,3,3
1799,3,3,3,3,3,4
1800,2,4,3,2,3,4
1801,3,4,3,4,4,5
1802,3,4,2,3,3,3
1803,3,4,5,3,4,4
1804,2,3,2,2,4,4
1805,4,3,5,4,4,3
1806,3,4,4,5,5,5
1807,3,3,3,3,4,4
1808,3,4,3,3,4,4
1809,3,4,3,4,4,4
1810,4,4,2,3,3,3
1811,3,4,4,2,4,3
1812,3,3,4,4,4,4
1813,3,3,4,2,2,2
1814,2,4,4,4,3,3
1815,2,4,4,3,3,2
1816,2,4,2,4,4,2
1817,3,4,5,2,2,4
1818,4,4,4,4,5,5
1819,3,4,4,4,4,4
1820,3,4,5,1,3,3
1821,3,4,1,4,4,4
1822,2,4,3,3,3,4
1823,2,3,3,1,2,2
1824,3,5,5,5,5,4
1825,2,3,4,1,3,3
1826,3,3,2,2,3,3
1827,2,3,4,3,4,4
1828,3,3,4,3,3,3
1829,3,3,4,2,3,3
1830,3,4,3,3,3,2
1831,2,3,5,1,2,2
1832,3,3,3,4,4,4
1833,2,3,4,4,3,2
1834,2,4,3,4,4,4
1835,3,4,3,4,4,4
1836,3,4,4,4,4,4
1837,3,4,3,4,4,5
1838,3,3,2,3,4,4
1839,3,3,4,4,3,3
1840,3,3,4,4,4,4
1841,3,4,3,4,4,5
1842,3,4,4,4,4,4
1843,3,4,5,3,4,4
1844,3,4,3,4,5,5
1845,2,5,2,2,4,4
1846,3,4,4,5,4,4
1847,3,4,5,4,4,4
1848,4,4,5,4,4,4
1849,3,3,4,4,4,3
1850,2,3,2,2,2,2
1851,2,3,2,2,2,2
1852,3,3,4,2,4,5
1853,3,4,3,3,3,3
1854,2,4,4,4,4,5
1855,2,2,4,3,3,3
1856,3,4,2,3,3,4
1857,3,3,2,3,3,4
1858,4,4,5,3,5,4
1859,3,4,4,3,3,3
1860,2,4,3,3,4,4
1861,3,4,3,3,3,4
1862,3,4,4,4,3,3
1863,3,5,3,3,3,2
1864,2,3,4,3,3,3
1865,3,4,4,5,4,4
1866,4,4,2,3,4,3
1867,3,4,3,3,3,4
1868,3,3,4,1,4,4
1869,3,3,4,4,4,3
1870,4,3,2,3,3,3
1871,3,3,3,2,4,2
1872,2,3,4,3,3,3
1873,3,3,4,2,4,3
1874,3,3,3,3,3,4
1875,3,4,3,3,4,3
1876,2,3,4,2,2,2
1877,3,4,4,3,3,2
1878,3,3,4,4,3,3
1879,2,3,4,4,3,3
1880,3,3,2,2,4,4
1881,3,3,4,2,3,3
1882,3,4,2,1,1,1
1883,3,3,4,4,3,3
1884,2,4,4,3,3,3
1885,3,5,3,3,4,2
1886,3,3,3,4,4,5
1887,3,3,4,4,4,3
1888,3,4,4,3,4,4
1889,3,4,5,3,4,4
1890,3,3,3,2,4,3
1891,2,3,3,2,3,3
1892,3,4,4,4,4,3
1893,3,3,3,4,4,3
1894,2,3,2,2,2,2
1895,3,3,3,3,4,3
1896,3,4,4,4,4,3
1897,3,3,4,4,3,4
1898,3,4,4,4,3,4
1899,2,4,3,3,3,4
1900,3,3,3,3,3,3
1901,3,4,3,4,4,5
1902,2,4,4,4,4,4
1903,3,3,3,3,4,3
1904,3,3,3,3,4,2
1905,3,3,3,3,4,3
1906,3,3,2,3,4,3
1907,3,3,2,3,4,3
1908,3,3,3,3,4,3
1909,3,3,3,3,4,3
1910,3,3,3,3,3,3
1911,2,3,2,3,4,3
1912,3,3,3,3,4,3
1913,2,3,2,3,3,3
1914,3,4,5,4,4,4
1915,3,3,3,3,4,3
1916,3,3,3,3,4,3
1917,3,3,3,3,4,3
1918,3,3,2,3,4,3
1919,3,3,3,3,4,3
1920,1,5,4,5,4,4
1921,3,3,4,3,3,3
1922,3,3,4,2,4,3
1923,2,3,4,3,3,4
1924,3,3,3,4,3,3
1925,3,3,5,4,4,4
1926,3,4,5,4,4,4
1927,2,3,4,3,3,4
1928,3,3,5,4,4,4
1929,3,4,4,3,4,3
1930,4,4,3,2,4,3
1931,2,3,1,3,2,3
1932,3,4,2,2,4,3
1933,3,4,1,3,4,4
1934,3,4,2,3,4,3
1935,3,3,2,2,3,3
1936,3,3,2,3,4,2
1937,3,3,3,3,3,3
1938,2,3,3,3,4,3
1939,3,3,3,3,4,3
1940,3,3,3,3,4,3
1941,3,4,5,4,4,5
1942,2,4,2,2,4,2
1943,3,4,4,2,3,2
1944,4,5,4,5,5,5
1945,4,3,2,4,3,3
1946,2,4,3,4,3,4
1947,3,4,4,4,4,4
1948,3,4,4,4,4,4
1949,3,4,3,4,4,5
1950,3,4,5,5,4,4
1951,3,4,4,3,3,4
1952,3,4,4,4,4,3
1953,3,3,3,3,4,4
1954,3,2,3,4,3,4
1955,4,4,5,2,4,4
1956,3,3,5,4,4,3
1957,2,3,1,1,1,1
1958,3,1,2,5,3,1
1959,2,3,2,2,2,2
1960,3,3,2,3,4,3
1961,2,4,3,3,2,2
1962,2,3,2,2,3,2
1963,3,1,2,2,2,1
1964,3,4,2,2,2,2
1965,4,3,3,2,2,2
1966,4,3,3,2,2,2
1967,2,3,4,4,3,4
1968,3,3,1,1,1,1
1969,3,3,5,1,2,1
1970,3,3,4,3,3,3
1971,2,3,2,2,2,3
1972,2,3,4,2,3,3
1973,3,3,1,3,2,2
1974,2,3,3,1,1,1
1975,3,2,2,3,2,1
1976,2,3,3,3,3,4
1977,2,1,2,2,2,2
1978,3,1,2,1,2,2
1979,2,3,2,2,2,1
1980,3,4,2,2,2,1
1981,3,3,3,2,3,2
1982,2,3,1,1,1,1
1983,2,3,4,4,3,4
1984,3,3,2,2,2,3
1985,3,4,3,2,2,2
1986,3,3,2,2,2,2
1987,2,2,4,2,2,3
1988,3,3,3,3,3,4
1989,2,1,2,2,2,1
1990,3,3,4,1,1,1
1991,2,3,3,2,3,3
1992,3,3,3,1,2,2
1993,3,3,3,2,2,2
1994,2,3,3,1,2,1
1995,2,2,3,2,2,2
1996,3,3,2,2,2,4
1997,2,3,2,2,2,2
1998,3,3,2,2,3,3
1999,3,4,4,2,2,2
2000,3,5,2,2,3,3
2001,3,3,1,1,1,1
2002,3,3,2,2,2,2
2003,2,1,3,3,2,3
2004,2,4,3,2,2,2
2005,2,2,2,2,2,2
2006,2,2,2,2,3,2
2007,2,3,3,3,2,2
2008,3,2,4,1,2,1
2009,2,3,2,5,3,4
2010,3,3,2,1,2,2
2011,2,3,3,2,2,3
2012,2,2,2,2,2,3
2013,3,3,3,4,2,3
2014,3,2,2,1,3,3
2015,3,3,1,1,1,1
2016,2,3,5,2,2,2
2017,2,3,5,2,1,1
2018,3,4,3,2,2,2
2019,4,3,3,2,2,3
2020,3,5,3,1,2,2
2021,3,1,4,3,3,4
2022,3,3,2,2,3,3
2023,3,2,3,2,3,3
2024,2,2,2,2,2,2
2025,2,2,2,3,3,3
2026,2,3,4,3,3,3
2027,2,2,4,2,2,2
2028,3,4,3,3,3,3
2029,3,2,3,2,2,2
2030,3,4,4,4,4,3
2031,2,2,3,1,3,2
2032,2,2,5,2,3,2
2033,3,3,2,2,3,2
2034,3,2,3,3,2,1
2035,3,3,3,2,2,3
2036,3,2,3,3,3,3
2037,3,3,3,3,3,3
2038,2,3,2,2,2,2
2039,2,3,2,1,2,2
2040,3,2,4,2,2,2
2041,2,3,3,3,3,3
2042,3,4,3,2,3,3
2043,3,3,3,3,2,2
2044,2,3,2,2,2,1
2045,2,3,3,2,2,2
2046,3,4,3,3,3,2
2047,3,3,3,2,3,3
2048,2,3,2,2,3,3
2049,3,3,2,2,3,3
2050,3,4,3,3,4,3
2051,3,3,4,2,3,4
2052,2,3,3,3,3,4
2053,2,3,3,3,3,3
2054,3,3,4,3,4,4
2055,2,3,3,4,3,4
2056,3,1,2,2,3,3
2057,2,3,4,3,3,4
2058,3,3,4,4,5,5
2059,3,4,5,4,4,3
2060,2,1,2,1,2,2
2061,3,3,3,2,3,2
2062,2,3,3,3,3,3
2063,2,4,3,3,4,3
2064,3,3,3,2,3,3
2065,2,4,3,3,3,3
2066,2,3,2,2,2,2
2067,2,3,2,3,2,3
2068,2,2,1,1,1,1
2069,2,3,4,1,2,2
2070,4,4,2,5,2,2
2071,2,3,3,3,3,2
2072,2,3,2,1,2,1
2073,2,3,3,2,2,2
2074,2,4,3,2,2,2
2075,3,3,2,2,1,1
2076,1,1,1,1,1,1
2077,2,3,2,1,1,1
2078,2,3,2,2,2,2
2079,2,3,3,2,2,3
2080,2,3,1,1,1,1
2081,2,3,2,1,2,1
2082,2,1,2,3,3,3
2083,2,1,4,1,1,1
2084,3,3,3,3,4,4
2085,2,1,2,1,3,3
2086,2,3,2,2,3,2
2087,2,3,3,3,3,3
2088,2,3,1,1,1,1
2089,1,3,2,2,1,1
2090,3,3,1,1,1,1
2091,2,3,3,1,1,1
2092,2,3,2,2,2,2
2093,3,3,1,1,2,1
2094,2,3,4,3,3,3
2095,3,3,4,1,2,2
2096,2,3,3,3,3,2
2097,3,3,2,3,3,2
2098,3,2,1,1,1,1
2099,2,3,2,2,3,2
2100,2,3,2,2,2,2
2101,2,3,4,2,3,3
2102,3,3,4,1,1,1
2103,2,3,1,1,1,1
2104,2,3,1,1,1,1
2105,2,3,4,1,1,1
2106,2,3,4,3,3,3
2107,2,3,1,1,1,1
2108,2,3,4,3,1,1
2109,3,3,4,3,3,3
2110,2,3,2,2,2,2
2111,2,3,2,2,2,2
2112,3,3,3,3,3,3
2113,3,3,4,1,1,1
2114,2,3,2,1,1,1
2115,2,1,2,1,2,2
2116,2,3,1,2,2,2
2117,3,3,4,3,2,3
2118,3,3,3,2,2,1
2119,1,3,5,1,1,1
2120,2,3,1,1,1,1
2121,3,4,4,4,4,3
2122,4,3,4,2,2,1
2123,1,1,1,1,1,1
2124,3,3,2,2,2,2
2125,2,2,2,2,3,4
2126,2,3,4,3,3,2
2127,2,3,2,3,3,3
2128,3,3,4,2,2,2
2129,1,3,1,2,1,1
2130,1,1,2,1,1,1
2131,2,3,4,3,2,2
2132,3,3,5,1,1,1
2133,4,3,2,2,2,3
2134,4,3,1,1,1,1
2135,3,1,1,1,3,2
2136,3,3,3,2,3,2
2137,2,3,4,3,1,1
2138,3,3,3,3,3,3
2139,1,1,2,1,1,1
2140,3,2,3,2,3,3
2141,3,3,2,1,3,2
2142,3,3,2,3,2,3
2143,2,1,2,2,2,2
2144,2,3,4,1,1,1
2145,2,3,4,1,1,1
2146,2,3,2,2,2,2
2147,2,3,2,2,2,1
2148,2,3,1,1,1,1
2149,1,3,3,3,3,2
2150,1,3,3,1,1,1
2151,3,3,5,2,1,1
2152,1,3,4,4,1,1
2153,2,3,1,1,1,1
2154,4,3,3,1,1,1
2155,2,3,2,1,1,1
2156,3,3,4,4,3,4
2157,3,1,1,1,1,1
2158,2,3,4,3,2,2
2159,2,3,2,3,2,2
2160,3,3,4,3,3,3
2161,2,2,1,1,1,1
2162,2,3,3,1,1,1
2163,3,1,1,1,1,1
2164,2,3,4,2,3,3
2165,2,3,2,1,1,1
2166,2,3,1,1,1,1
2167,2,3,2,3,2,1
2168,3,3,4,3,3,3
2169,2,3,3,3,3,3
2170,2,3,2,2,3,2
2171,2,3,3,1,1,1
2172,2,3,4,1,1,1
2173,2,3,1,1,1,1
2174,3,3,3,1,3,3
2175,2,3,3,2,3,2
2176,3,1,1,2,2,2
2177,3,1,1,1,1,1
2178,3,3,2,1,1,2
2179,3,3,3,3,3,4
2180,2,3,3,3,3,3
2181,1,3,5,1,1,1
2182,2,3,1,2,2,2
2183,3,3,1,1,1,1
2184,1,3,1,1,1,1
2185,2,3,3,3,3,3
2186,2,3,3,4,2,2
2187,2,3,2,2,2,2
2188,2,3,2,2,2,1
2189,2,3,1,1,1,1
2190,3,3,4,3,3,3
2191,3,3,2,2,2,2
2192,2,3,2,1,1,1
2193,2,2,1,1,1,1
2194,2,3,2,2,2,2
2195,3,1,2,1,1,1
2196,2,3,3,2,2,1
2197,2,3,2,2,2,2
2198,3,3,1,1,2,2
2199,3,2,2,3,3,4
2200,2,3,4,2,3,3
2201,2,3,3,2,2,2
2202,3,3,3,2,3,2
2203,2,3,2,2,2,2
2204,4,3,2,1,1,1
2205,2,3,3,2,2,2
2206,3,3,2,2,3,2
2207,2,3,1,3,3,3
2208,3,3,3,3,3,3
2209,2,3,4,1,2,1
2210,3,3,2,3,2,1
2211,2,3,2,2,1,1
2212,3,3,3,2,2,2
2213,2,3,2,1,2,2
2214,3,3,1,1,1,1
2215,3,3,2,2,3,4
2216,2,3,1,1,2,1
2217,2,1,1,1,1,1
2218,2,3,1,1,1,1
2219,3,3,4,2,1,1
2220,2,3,4,2,3,2
2221,3,3,3,2,4,3
2222,3,1,1,1,1,1
2223,3,3,1,1,1,1
2224,3,3,2,1,1,1
2225,3,3,1,1,1,1
2226,1,3,2,1,1,1
2227,1,3,1,1,1,1
2228,2,3,3,3,3,2
2229,4,3,3,1,2,2
2230,3,3,1,1,1,1
2231,4,3,3,2,1,1
2232,2,3,2,1,2,2
2233,2,3,1,1,1,1
2234,2,3,1,1,1,1
2235,2,3,3,2,1,1
2236,2,3,2,1,2,1
2237,3,3,4,3,2,2
2238,2,3,2,1,3,2
2239,2,3,2,1,1,1
2240,2,3,2,1,2,1
2241,3,3,3,1,1,1
2242,2,3,1,1,1,1
2243,2,3,2,2,2,2
2244,2,3,2,1,1,1
2245,3,3,1,1,1,1
2246,3,3,1,1,1,1
2247,2,3,2,1,1,2
2248,2,3,4,1,1,1
2249,3,3,2,1,2,2
2250,2,3,4,1,1,2
2251,3,1,1,1,1,1
2252,3,3,2,2,1,1
2253,2,3,1,1,1,2
2254,3,3,1,1,1,1
2255,2,3,1,1,1,1
2256,3,3,2,1,1,1
2257,2,3,2,1,1,1
2258,2,3,1,4,3,3
2259,3,3,2,1,1,1
2260,3,2,2,2,2,2
2261,2,3,2,1,2,2
2262,1,3,2,2,1,1
2263,3,3,1,2,2,2
2264,2,3,1,1,3,3
2265,3,3,1,1,3,2
2266,2,3,1,1,1,1
2267,2,3,2,1,2,2
2268,2,3,3,1,2,3
2269,2,3,1,1,1,1
2270,2,3,1,1,2,2
2271,3,1,2,1,1,1
2272,3,3,1,1,1,1
2273,2,3,2,1,2,2
2274,2,3,2,1,1,1
2275,2,3,3,2,2,2
2276,3,3,2,1,1,1
2277,2,3,4,1,3,2
2278,2,4,3,1,2,1
2279,2,3,4,3,3,2
2280,1,1,3,2,1,1
2281,2,3,1,2,2,2
2282,3,2,3,2,3,3
2283,2,2,2,1,2,1
2284,2,3,2,1,2,1
2285,2,3,3,2,2,2
2286,3,3,3,3,3,2
2287,2,1,2,1,2,1
2288,2,2,3,3,3,2
2289,2,3,1,3,3,3
2290,3,2,2,1,2,2
2291,2,3,2,3,3,3
2292,2,2,1,2,3,2
2293,2,3,2,2,3,3
2294,3,3,4,2,3,3
2295,2,3,3,3,3,3
2296,2,3,3,2,2,2
2297,3,3,4,4,3,3
2298,2,3,2,3,3,2
2299,3,2,1,1,1,1
